TP_hit,entry_date,MA100_MA200,ATR_ratio,MA50_MA100,ATR14,MA20_MA100,Close_MA50,MA20_MA200_norm,Close_MA20,pullback_depth,MA20_MA50
0,2015-12-04,0.5509107589721651,0.0772719875382744,1.2792016601562466,8.316842760358535,4.212639160156257,0.04361170858357921,0.04702286491759988,0.01474894039916741,-0.014534570879537528,2.933437500000011
0,2015-12-10,0.4676710891723559,0.07665238025253354,2.210053710937501,8.125476292201448,4.218057479858402,0.018351842723596024,0.046202965397543844,-0.0009207060456519756,0.0009215545264759041,2.0080037689209007
0,2015-12-11,0.43840244293213004,0.07715446344037326,2.3848273468017567,7.990462166922429,4.174186706542969,-0.006615087984353174,0.04547518519557373,-0.0233772912588196,0.023936870451181504,1.789359359741212
0,2015-12-14,0.42152462005616087,0.07670351471083732,2.530070571899415,8.00398472377232,4.2606314086913954,-0.0004496943998208991,0.046154626445923164,-0.0167488462477956,0.017034148583380735,1.7305608367919803
0,2015-12-15,0.4157158279418951,0.07713419994270404,2.6435564422607456,8.097958156040734,4.288398742675781,0.00441432278714271,0.04636210825120437,-0.011146782640190755,0.011272434011947823,1.6448423004150357
0,2015-12-16,0.4243423080444302,0.07696708843594698,2.7734216308593744,8.200567517961773,4.366757583618167,0.017715040575686736,0.04720572934037498,0.002458325862138677,-0.0024522973162245305,1.5933359527587925
0,2015-12-18,0.3904283905029331,0.07906969899255795,2.9722029113769537,8.142647334507531,4.136625442504879,-0.018239238782813416,0.0445878181507587,-0.029018075078124372,0.029885288627241102,1.1644225311279257
0,2015-12-21,0.36583969116210824,0.0778670655361146,3.066962890625007,8.107872554234094,3.9960775756836,-0.008192767611514329,0.04295261062474892,-0.016893266597849732,0.017183552938742148,0.9291146850585932
0,2015-12-22,0.33660308837890796,0.07716425276075389,3.1624951171874898,8.087508610316682,3.897122344970697,-0.0026200415858339543,0.04167658344237614,-0.009544155050837722,0.009636123709611314,0.7346272277832071
0,2015-12-23,0.31169071197510334,0.0765324076043931,3.2754457092285065,8.08084760393415,3.8307049560546886,0.0035622685664158382,0.040761447215876156,-0.001706230943506415,0.0017091471432492413,0.5552592468261821
0,2015-12-24,0.2918449401855554,0.07462107670562158,3.3894284057617057,7.877634320940288,3.7569068145751885,0.0021366088702572394,0.039825561727912295,-0.0013470773145947135,0.0013488943796132415,0.3674784088134828
0,2015-12-28,0.2615635299682566,0.07420203746122939,3.478337936401374,7.8292252676827525,3.6813972473144645,0.0006787713927811634,0.03877020548625628,-0.0012446469620537304,0.0012461980386566922,0.20305931091309048
0,2015-12-29,0.2626772689819319,0.07384107061765904,3.5586453247070295,7.913684300013947,3.669042663574217,0.015242959247300014,0.03864423295542507,0.014182329278270567,-0.013984003535501556,0.1103973388671875
0,2016-08-26,1.743058395385745,0.0639087632771659,2.213143920898432,7.037282126290456,6.038393020629883,0.03637515905453381,0.0760698826372312,0.000359747991415027,-0.0003596186193389966,3.825249099731451
0,2016-08-31,1.8865851974487242,0.06353270973801249,2.528572540283207,6.975506373814172,5.990043029785156,0.028104398791341856,0.07693714906955397,-0.00417334978130901,0.004190839620924494,3.4614704895019486
0,2016-09-01,1.9278839874267533,0.06357136153900578,2.6368119049072334,6.997731889997206,5.96957290649415,0.029026785490514184,0.07711828891551326,-0.0020644207120652514,0.002068691361358456,3.332761001586917
0,2016-09-02,1.9581359481811518,0.06338046510561106,2.7329466247558685,6.9994277954101545,5.924268875122081,0.03085878197202674,0.07694795179572547,0.0010383830208409162,-0.0010373059000069191,3.1913222503662126
0,2016-09-12,2.164125251770031,0.06464877691166113,3.5483724975585886,7.091335841587614,5.588573379516589,0.013417375547489119,0.07561733738505776,-0.005331359093351584,0.005359934830650695,2.0402008819580004
0,2016-09-13,2.2006270599365223,0.06460234838936146,3.637818603515626,7.022893633161273,5.428428955078132,0.0030975472228715883,0.07440409421575463,-0.013206770695390557,0.013383523825652199,1.7906103515625063
0,2016-09-14,2.2561751937866177,0.06493022136849946,3.729192810058592,7.09220940726144,5.303968048095697,0.0064082555384317175,0.07372347490832369,-0.007985565302035313,0.008049847888016472,1.5747752380371054
0,2016-09-15,2.318854026794426,0.06506695092898479,3.820943832397461,7.21758052280971,5.23749702453614,0.020390622077909315,0.07367089955613337,0.007265238319339673,-0.0072128353515525595,1.4165531921386787
0,2016-10-12,3.9917273712158163,0.06173781555071276,3.57074844360352,6.852612086704802,4.506340484619145,0.0025781120699162052,0.08238754850890785,-0.005823513754812937,0.005857625718756706,0.9355920410156244
0,2016-10-13,4.080632057189931,0.06189396312584583,3.5015442657470714,6.845370701381142,4.383948898315438,-0.0013402538039153367,0.08204926964293696,-0.009234443252537972,0.009320513000929639,0.8824046325683668
0,2016-10-14,4.1453389358520525,0.06279225104736542,3.4474710083007807,6.953030722481868,4.289530487060546,-0.0004453035753620993,0.08174334286122924,-0.007985785999050865,0.008050072152537903,0.8420594787597651
0,2016-10-17,4.194587631225588,0.06227152704126529,3.3767755889892612,6.8765340532575365,4.214452514648443,-0.0032323056866945254,0.08147114119103208,-0.01071250113267197,0.010828501466901312,0.8376769256591814
0,2016-10-18,4.234678344726561,0.06250940554178071,3.321371917724605,6.96425465175084,4.1713087463378855,0.0053837871109463364,0.08140709436210496,-0.0022687042210948194,0.002273862943553073,0.8499368286132807
0,2016-10-19,4.268470382690438,0.06257500123664969,3.2661422729492102,6.970971243722102,4.078793716430667,0.005088907982943036,0.08080353898704265,-0.0022266635462698803,0.0022316326413209307,0.8126514434814567
0,2016-10-20,4.294703750610353,0.06193721718276931,3.217221603393554,6.891724177769254,3.9385314178466757,0.003658416193092373,0.0796620755334683,-0.0028294371267892915,0.002837465557182722,0.7213098144531216
0,2016-10-21,4.307029495239249,0.062010183071677535,3.163125152587895,6.925634111676899,3.850919952392587,0.007182827708277939,0.07888266827871923,0.0009742293342158703,-0.0009732811351834614,0.687794799804692
0,2016-10-28,4.354787788391107,0.06219968959395365,2.8873022460937534,6.885063171386718,3.488210678100586,-0.0029656743971732125,0.0755732756662353,-0.008333081322540292,0.008403105080538311,0.6009084320068325
0,2016-10-31,4.344242248535153,0.06251264896931699,2.818095474243165,6.913206372942241,3.3448363494873092,-0.0039060273601849715,0.07403293686629137,-0.008609627678964116,0.008684397104651406,0.526740875244144
0,2016-11-01,4.342323951721198,0.06291548974342712,2.727117614746092,6.905419485909595,3.164939422607418,-0.011239295939884708,0.0722302035470056,-0.015123819302557906,0.015356061603447444,0.43782180786132585
0,2016-11-02,4.343114700317386,0.06356670725956452,2.6148308563232376,6.921013423374717,2.9214706420898438,-0.018810200994692994,0.06984688406479067,-0.021514135124320433,0.0219871700722564,0.3066397857666061
0,2016-11-03,4.339033432006829,0.06356074247506074,2.506194839477544,6.852470397949217,2.6381105804443337,-0.028029301140573337,0.06704051857627753,-0.029183893185121157,0.030061195915743157,0.13191574096678949
0,2016-11-04,4.349666290283196,0.06389145784595672,2.3944447326660168,6.863964625767298,2.348999176025387,-0.030997739633488952,0.06433341320085117,-0.0306003771833121,0.031566318433671,-0.04544555664062955
1,2017-01-03,4.104658508300787,0.06191168348297299,0.39470306396484034,7.01667131696428,1.8585308074951143,0.015048555371283578,0.055650659371332616,0.0019130046658335509,-0.0019093520664218162,1.463827743530274
0,2017-03-22,4.277835845947266,0.05767544658921122,4.673656616210934,7.161119188581192,7.667118759155272,0.024294748689461576,0.10639876445495315,-0.0003905914321332693,0.0003907440534126604,2.993462142944338
0,2017-03-23,4.301232490539547,0.05761820281469892,4.701375656127922,7.135949271065846,7.572000045776363,0.02042666871187193,0.10566468622248164,-0.0031507157887891157,0.003160674174814942,2.870624389648441
0,2017-03-24,4.333800086975103,0.057906985326198354,4.718406906127925,7.1865664890834235,7.4682946014404195,0.021267955576756092,0.10493676031026886,-0.0013308662463551446,0.0013326398116991175,2.749887695312495
0,2017-03-27,4.367558517456061,0.057714757822086835,4.739996871948236,7.174225943429127,7.363945999145514,0.021575367302956616,0.10421330577878508,1.072258414303029e-05,-1.0722469170400347e-05,2.623949127197278
0,2017-04-12,4.806526832580559,0.05693595819921569,4.689445724487314,7.081745147705077,6.148718643188488,0.0067802830537297964,0.09605882287207222,-0.0049728190566104,0.00499767157304751,1.4592729187011741
0,2017-04-13,4.805281639099121,0.05698311813758238,4.663127517700204,7.05945805140904,5.9595541381835915,0.0019752013242591016,0.094284306856072,-0.008421767599133712,0.008493296165590922,1.2964266204833876
0,2017-04-17,4.822047996520993,0.056885869203208685,4.644995803832998,7.105779920305525,5.809457397460932,0.009278219272632615,0.0930160317644709,-0.0001292450973924275,0.00012926180384685503,1.1644615936279337
0,2017-04-18,4.832131042480469,0.05641241710488233,4.6296703338623075,7.035920279366629,5.657594223022457,0.006836958327742337,0.09168205124657629,-0.0014490267315275807,0.0014511294569015069,1.0279238891601494
0,2017-04-19,4.842354621887196,0.05651217212889807,4.616898803710939,7.059636252267021,5.612117996215829,0.007532371970452534,0.09128214227440558,-0.0004903990572769912,0.0004906396665068612,0.9952191925048908
0,2017-04-20,4.85922908782959,0.056605875613786195,4.601318130493169,7.130499703543527,5.56210632324219,0.014940574192083833,0.09089487810946865,0.00714404324797413,-0.007093367920774217,0.9607881927490212
0,2017-05-18,6.01255500793458,0.055918026389893793,3.9275347900390614,7.291947501046317,7.018301162719709,0.02697079624454357,0.1113373384776111,0.0025676259591667083,-0.0025610501403436235,3.0907663726806476
0,2017-06-12,7.155185317993173,0.05746154085485538,3.8892205047607433,7.600772312709263,7.396056137084969,0.017563821662505807,0.12233254503089067,-0.009166087049521043,0.009250881434030153,3.5068356323242256
0,2017-06-13,7.205753746032713,0.057492536733733626,3.8733042144775425,7.666593279157366,7.291215744018558,0.024627185540986973,0.12175654226172487,-0.001593446843679125,0.0015959899688575468,3.4179115295410156
0,2017-06-14,7.251666107177726,0.0577009473959827,3.8556725311279365,7.660945347377232,7.138201217651385,0.019065780670587174,0.12074214503450584,-0.005978418116573181,0.006014374562416965,3.282528686523449
0,2017-06-15,7.294439582824708,0.05686570679769605,3.829108657836926,7.516554696219308,7.1312088775634805,0.013566117459978821,0.12093118787691856,-0.011464199873046699,0.011597151940854715,3.3021002197265545
0,2017-06-16,7.324684829711927,0.056705418616863186,3.814939117431635,7.462847028459821,7.052615661621076,0.008205393835547747,0.12041635615636476,-0.016195805164790134,0.01646242743201859,3.2376765441894406
0,2017-06-19,7.353517036437978,0.056647818146224445,3.833296890258808,7.579927716936384,7.046348800659175,0.023752078076496597,0.12048418732683955,-0.0008107525353541201,0.0008114103883837619,3.2130519104003668
0,2017-06-20,7.37729084014893,0.0566282217826481,3.843737411499035,7.517960684640067,6.944291763305671,0.014588147364932746,0.11971558412240015,-0.008896340144319836,0.008976195432085598,3.100554351806636
0,2017-06-21,7.407154159545897,0.05627694468596157,3.8686510467529445,7.545313153948102,6.890448989868162,0.023282842480988775,0.1193971696003885,0.00021496148314592567,-0.0002149152846376056,3.0217979431152173
0,2017-06-23,7.49723827362061,0.05523300582653488,3.9336382293701178,7.4316558837890625,6.6620040130615195,0.023898291271534866,0.11801371681275963,0.003072344404247973,-0.003062934016063173,2.7283657836914017
0,2017-06-27,7.538482322692872,0.0558425381798061,3.9891067504882898,7.342900957380023,6.233581237792961,-0.0018965039289638996,0.11456172282847829,-0.018616133206193486,0.018969267619012985,2.2444744873046716
0,2017-06-28,7.562329101562511,0.055639838979195125,4.020083618164051,7.421726771763393,6.049032897949218,0.01116303826886944,0.1131134480760489,-0.004153675761941367,0.004171000746645771,2.0289492797851665
0,2017-06-29,7.568276481628402,0.055832514778882535,4.025343856811531,7.318182809012277,5.747185134887701,-0.007310780243081516,0.11055171865309521,-0.020089192748237283,0.02050104213523167,1.7218412780761696
0,2017-06-30,7.572693481445313,0.0564139148634984,4.01453971862793,7.397074018205915,5.374646224975578,-0.007724981414159782,0.10739777580738656,-0.01783416476174704,0.018157997480558657,1.3601065063476483
0,2017-07-03,7.576699447631839,0.056477407385459685,3.992483749389635,7.327386038643973,4.9502713775634675,-0.018742772882979652,0.10382980701972089,-0.02579986773911014,0.026483128963691198,0.9577876281738327
0,2017-07-05,7.582462081909171,0.05624291126555778,3.957152709960951,7.368760245186942,4.608393402099608,-0.009620754454789049,0.10095963098523869,-0.014472357237497624,0.014684882097198827,0.6512406921386571
0,2017-07-06,7.575925865173346,0.05649780909814827,3.8955595397949025,7.335413251604352,4.196646118164068,-0.01876649653125484,0.09741714181305139,-0.020994193191707367,0.021444401091094224,0.30108657836916564
0,2017-07-07,7.570605201721193,0.05681770635682942,3.858407745361319,7.456516810825893,3.8406146240234307,-0.008637557801962736,0.09434642085814934,-0.008504290643488788,0.008577233933778785,-0.01779312133788835
0,2017-08-11,7.590162506103525,0.05399720824185387,3.0732426452636616,7.309614998953683,5.261073608398419,0.005164414195115707,0.10362954217521746,-0.010903748800780044,0.011023951195406797,2.1878309631347577
0,2017-08-14,7.59362129211425,0.05432833259187882,2.9601110839843727,7.449153355189732,5.214441528320322,0.017985579480646274,0.10317652645523459,0.0012279862763258098,-0.0012264801755020685,2.254330444335949
0,2017-08-18,7.551707344055174,0.05500288888011466,2.4787665557861374,7.400167192731585,4.5335688018798805,-0.0009907691928534579,0.09695804673256998,-0.016004091012780886,0.016264387754673804,2.054802246093743
0,2017-08-21,7.511501960754401,0.05490049588533725,2.419144210815432,7.376976013183594,4.269121627807607,-0.0024688286716492147,0.09441732276856139,-0.015983122151264628,0.01624273171635736,1.849977416992175
0,2017-08-22,7.474107055664049,0.05471558960149947,2.3963439941406364,7.464199611118862,4.106316833496095,0.012114179059079522,0.09270651528735492,-0.0005652876871862222,0.0005656074180955063,1.7099728393554585
0,2017-08-23,7.433247184753412,0.05467704081707107,2.3463597106933776,7.432377406529018,3.900838012695317,0.008123363144681095,0.09063107069435923,-0.003366401050371448,0.0033777719855315074,1.5544783020019395
0,2017-08-24,7.403908195495603,0.05476827729713517,2.303204803466798,7.422865731375558,3.721936340332036,0.004744278896584131,0.0888751273355561,-0.005713150376527865,0.005745978012976274,1.4187315368652378
0,2017-08-25,7.374737319946277,0.05484946360247553,2.2709675598144656,7.418193272181919,3.5393167114257835,0.0021700580695647176,0.08709792591187344,-0.007161051570798493,0.007212702102519401,1.268349151611318
0,2017-08-28,7.355344429016128,0.05454172217506186,2.2492613983154115,7.399431501116071,3.3973850250243913,0.004671433067110042,0.08572685579512324,-0.0037987013818264748,0.003813186538800606,1.1481236267089798
0,2017-08-29,7.328973846435559,0.05476339586803023,2.18954238891601,7.4587217058454245,3.2617427062988327,0.008265257481150812,0.084345148619618,0.00032530403072494884,-0.00032519824242592435,1.0722003173828227
0,2017-09-22,6.994963188171397,0.05231664941428465,2.2654681396484193,7.208504813058036,3.2540606689453,0.004366104071158006,0.08011640802203682,-0.0028197397485595355,0.0028277131637649286,0.9885925292968807
0,2017-09-25,6.934580345153819,0.05248032685652736,2.2225068664550633,7.154898507254464,3.2466116333007733,-0.0063490270915104174,0.07951018276678679,-0.013710684988938238,0.013901281074696117,1.02410476684571
0,2017-09-26,6.8764817047118925,0.05226248781395565,2.182219848632826,7.1436614990234375,3.2328118896484455,-0.00395327894544828,0.07887291075805622,-0.011520746836273577,0.011655021387045026,1.0505920410156193
0,2017-09-27,6.8241860580444325,0.05217315818076657,2.140899505615238,7.195705958775112,3.2463497924804585,0.004792897376650673,0.07849409873200187,-0.0032346416854271975,0.0032451385458425325,1.1054502868652207
0,2017-09-28,6.766249198913556,0.05212438089375556,2.085947265625009,7.186490740094866,3.1808064270019543,0.0043411600033873565,0.07745490566807811,-0.003605686014561238,0.003618734033255389,1.0948591613769452
0,2017-09-29,6.715805969238289,0.05121074110013139,2.0418640136718693,7.111372811453683,3.085710144042963,0.011349714120683974,0.07624742848444362,0.0037191322232894564,-0.0037053515310118165,1.0438461303710938
0,2017-10-26,5.699718246459952,0.050344240490186244,2.0412559509277344,7.063625880650112,4.093690032958989,0.01065796913764916,0.07470982614843763,-0.004066039665624799,0.00408263984115942,2.0524340820312545
0,2017-10-27,5.640953674316421,0.05098647335802811,2.155014343261712,7.362076895577567,4.288721771240233,0.0386320370486124,0.0756684643196803,0.022932096295003923,-0.02241800445803053,2.1337074279785213
0,2017-11-30,5.738702239990232,0.050836553024073784,3.159125671386704,7.530199323381696,7.112356567382818,0.03325297568797536,0.095574789931459,0.005524802590881617,-0.005494446856652441,3.953230895996114
1,2017-12-05,5.743477172851556,0.05307900647230396,3.3477256774902173,7.743785313197544,6.812521820068355,0.013830525048746267,0.09313831622581964,-0.0100061152681451,0.010107249572410536,3.4647961425781375
1,2017-12-06,5.740292015075681,0.05343376185587026,3.434027404785155,7.830740792410714,6.683437042236335,0.017014303653108964,0.09207920610936986,-0.005413512221735695,0.005442977848842993,3.24940963745118
1,2017-12-07,5.728216590881345,0.052622455539223595,3.5097120666503656,7.737968444824219,6.553664398193348,0.01916850032845674,0.0909477210662643,-0.001889000982744471,0.0018925760607832525,3.0439523315429824
1,2017-12-08,5.7125697708129906,0.05303746566515551,3.6008457946777526,7.833426339285714,6.4965287780761685,0.022275911120509306,0.09032783315138512,0.002189606926429555,-0.0021848230228059067,2.895682983398416
0,2018-02-05,6.803747367858904,0.05406756433613677,5.506665191650399,8.179175240652901,11.155305175781251,-0.012727124863030626,0.12744449545954503,-0.04782845642450084,0.050230923983403446,5.6486399841308526
0,2018-02-06,6.81501365661623,0.05364453955528476,5.481552276611325,8.330225263323102,10.985824890136712,0.012556442610325735,0.12619034763976653,-0.022526260763368167,0.023045387164017602,5.504272613525387
0,2018-02-07,6.832027893066424,0.05466431423556916,5.417272338867178,8.378755841936384,10.727308044433585,-0.001077022925855764,0.12436452674469789,-0.034489659176857534,0.03572168802195691,5.310035705566406
0,2018-02-08,6.816549301147461,0.05685702784419514,5.294415435791024,8.347125462123326,10.233034973144555,-0.04293833175562789,0.12067544237251059,-0.07279014685608853,0.07850450101374284,4.9386195373535315
0,2018-02-09,6.814667816162114,0.05658634764302296,5.187452087402335,8.450853620256696,9.785254058837893,-0.02639029791762504,0.11740491911363,-0.05472409803543499,0.057892196258999114,4.597801971435558
1,2018-02-12,6.827497940063466,0.05644081977668295,5.161504669189441,8.578692844935826,9.388459777832026,-0.009772301220873691,0.11459597962759488,-0.036310534776588965,0.037678667337274624,4.226955108642585
1,2018-02-13,6.849687194824213,0.0561273790291945,5.114474945068366,8.575085231236049,9.041232452392592,-0.005264294124658453,0.11220548635552911,-0.030062588875591212,0.030994359564645357,3.9267575073242256
1,2018-02-14,6.900424652099616,0.0558496257968454,5.100155334472674,8.69241441999163,8.71526229858398,0.012287455196470898,0.11016370337788829,-0.010967495105827396,0.011089114919434226,3.6151069641113054
0,2018-02-15,6.968037033081032,0.05491040301222807,5.147380218505873,8.704884120396205,8.502093048095702,0.029374358007584256,0.10902930430304787,0.007429390161424632,-0.007374601370557685,3.354712829589829
0,2018-03-20,8.392509231567374,0.05231866845375147,5.494827575683587,8.405239650181361,8.100556640625001,0.01056704847367751,0.11367671334818599,-0.005729865261215772,0.005762885820482861,2.605729064941414
0,2018-03-21,8.466062698364254,0.05255142812089554,5.391627044677733,8.405871800013951,8.02196395874023,0.005605032920510178,0.11354928244399777,-0.010753527745902436,0.010870423142778004,2.6303369140624966
0,2018-03-22,8.521655883789066,0.05246041555581492,5.2442671203613145,8.184198651994977,7.781921997070299,-0.019274881100754482,0.11220066409100005,-0.034674472974803416,0.03591997932724134,2.5376548767089844
0,2018-03-23,8.518491668701188,0.05286415062757087,5.103931274414066,8.029859270368304,7.257093505859359,-0.044726215270804226,0.10850864186099951,-0.057488968721883804,0.06099553937732099,2.153162231445293
0,2018-03-26,8.541014785766606,0.052856600738089975,5.002044677734375,8.327047075544085,6.8546057128906455,-0.009393824297053488,0.1058182066259597,-0.020800340459100286,0.02124218514215232,1.8525610351562705
0,2018-03-27,8.515552597045883,0.05474404557960178,4.831657562255856,8.345308576311384,6.354572296142578,-0.04085550467904864,0.10213804953439294,-0.049958756886210653,0.05258588219019763,1.5229147338867222
0,2018-03-28,8.47823715209961,0.054896121721868384,4.652250061035147,8.272225516183036,5.835580749511706,-0.051144685367274345,0.09825482533025462,-0.058162492072899696,0.06175427457854182,1.183330688476559
0,2018-03-29,8.46285736083982,0.054081114554830695,4.463803710937526,8.298666817801339,5.554804382324221,-0.03313764036913103,0.09615557895275421,-0.039738741460822236,0.04138326013617984,1.0910006713866949
0,2018-04-02,8.408504638671872,0.054478728660861835,4.244451293945303,8.118491036551339,5.03864654541016,-0.05989307582053505,0.09219071719408435,-0.06457973057816646,0.06903819886015732,0.7941952514648563
0,2018-04-03,8.354626846313465,0.053983857520100355,4.036882324218766,8.135272434779576,4.506512145996112,-0.048300220807731775,0.08811721315645328,-0.05111446174883483,0.05386788994913006,0.469629821777346
0,2018-04-04,8.308904800415036,0.05364530000531447,3.8198794555663937,8.211741856166295,4.036334381103501,-0.03234224683293574,0.08452040340287899,-0.033664496843720526,0.03483727621904025,0.2164549255371071
0,2018-04-05,8.272627029418942,0.05344598681459929,3.5909196472167935,8.227839878627233,3.588301849365223,-0.02581627394784558,0.08114867958742286,-0.02580013577692397,0.026483411386532606,-0.002617797851570458
0,2018-06-26,6.075504989624022,0.04705786271354833,2.6879367065429562,7.775994437081473,7.884474792480461,0.018421476475893872,0.0909499149635398,-0.01318341904821052,0.01335954350857691,5.1965380859375045
0,2018-06-27,6.010433197021484,0.04811371768301056,2.709369506835941,7.842345101492746,7.825217742919932,0.004097854683998481,0.0900693893609428,-0.02657944783983679,0.02730520511494551,5.115848236083991
1,2018-06-28,6.016130523681653,0.048157734227903155,2.6762162780761685,7.917044503348214,7.765224761962884,0.012124132968521106,0.0896426805188705,-0.018623079904721673,0.01897648041581582,5.089008483886715
0,2018-06-29,5.984902114868163,0.04817743581582745,2.71689025878905,7.941563197544643,7.635059051513679,0.013993094510766246,0.08851987724575094,-0.015782949438741922,0.016036045534612058,4.918168792724629
1,2018-07-02,5.975190200805656,0.04769406234493485,2.7985386657715026,7.914557320731027,7.454234008789058,0.019480227235211034,0.08720422434696545,-0.008868421344865651,0.008947773974570807,4.655695343017555
0,2018-07-03,6.02293128967284,0.0477557301127005,2.804163513183596,7.833067757742746,7.106033020019538,0.006581253234661633,0.08518436817542506,-0.019308742546480517,0.01968891065330586,4.301869506835942
0,2018-07-05,6.054586715698235,0.04701118566030182,2.9212391662597668,7.806653703962054,6.815748901367186,0.017300594145892134,0.08343296467687414,-0.00640483655872548,0.006446122922481388,3.8945097351074196
0,2018-07-06,6.073850936889642,0.047366931670839024,3.0870065307617267,7.988089425223214,6.7238122558594,0.031027351458119412,0.0828827603534073,0.008601838846536536,-0.00852847825101505,3.6368057250976733
0,2018-07-31,5.443587493896501,0.04777115792973823,5.319548339843749,8.094794137137276,8.257386627197263,0.009018856614104065,0.08717202490281845,-0.00832935010603586,0.008399310907231672,2.9378382873535145
0,2018-08-01,5.34551177978517,0.04681827054810496,5.449668884277344,7.9634552001953125,8.516581878662095,0.011799976234263099,0.08811733858136615,-0.006328150666651711,0.006368451185265338,3.066912994384751
0,2018-08-02,5.252640228271503,0.04705450593150289,5.6159515380859375,8.11253901890346,8.775360565185537,0.02419693069104123,0.08908617907063782,0.00532824594069603,-0.005300006204153134,3.159409027099599
0,2018-08-16,5.013515930175771,0.0465599057671734,6.1210531616210915,8.040234157017299,8.599598388671865,0.014722420543661352,0.08559244015150372,0.00015592064023861596,-0.00015589633278249417,2.4785452270507733
0,2018-08-21,5.217276992797849,0.04632755746425782,5.833336944580054,8.024132864815845,8.031779174804683,0.0157907655071583,0.08308640003197637,0.0028606853644419505,-0.0028525251873867956,2.1984422302246287
0,2018-09-07,6.201991577148448,0.047064644746487534,5.114566192626938,8.18569837297712,7.649348754882794,0.007908085163029765,0.08590330147290452,-0.006683031882803281,0.0067279952898325664,2.534782562255856
0,2018-09-10,6.221890411376961,0.04720119320997213,5.166658477783187,8.237098693847656,7.55681655883788,0.010119055547043176,0.08538387026725543,-0.0036651962729504772,0.0036786793548111243,2.390158081054693
0,2018-09-11,6.264080352783196,0.0468566310673533,5.208699340820317,8.239964076450892,7.513002624511728,0.016604646380740995,0.08530188154138874,0.0032404604343716503,-0.003229993767365205,2.304303283691411
0,2018-09-13,6.4116960906982285,0.04667183599291504,5.241423339843749,8.270663670131139,7.4029266357422046,0.021765238720374613,0.08539092446793238,0.009187761883652446,-0.009104115438839065,2.1615032958984557
0,2018-09-18,6.675313796997074,0.04643154472231048,4.999485931396492,8.152726309640062,7.151864776611319,0.009896781338407656,0.0852527392500481,-0.0024524402305194926,0.0024584694799777208,2.1523788452148267
0,2018-09-19,6.736781768798835,0.045717946600435565,4.901569519042965,8.02128056117466,7.062975006103528,0.0085239526218166,0.08501040387593468,-0.003852301322838869,0.0038671989384250803,2.161405487060563
0,2018-09-20,6.81047248840332,0.045753438992690756,4.829316406250001,8.11626325334821,7.0070465087890454,0.018741111200721194,0.08503706832408936,0.00615760925863329,-0.006119925150862159,2.1777301025390443
0,2018-09-24,6.9287908172607615,0.046001080893847066,4.576727752685542,8.138145446777335,6.807588348388663,0.014996639634285547,0.08437960652394852,0.0021697628992498608,-0.0021650652210588343,2.2308605957031205
0,2018-10-05,7.223364028930661,0.04716187846690153,3.8421434020995946,8.173812866210938,5.359135894775392,-0.010367139157693717,0.07669260114299772,-0.01886583608003367,0.019228599689830546,1.5169924926757972
0,2018-10-08,7.2189126586914085,0.04651508996970326,3.7725318908691463,8.012490408761163,5.143137664794921,-0.016598826325945337,0.07529948334163321,-0.02423393690547715,0.024835806267561905,1.3706057739257744
0,2018-10-09,7.223575744628903,0.046798971889709426,3.7504812622070176,8.087505885532924,4.876010894775391,-0.013936723378076166,0.07365123685278227,-0.020229002804546314,0.020646664233224747,1.125529632568373
0,2018-10-10,7.197713699340824,0.04791486153482365,3.6183544921874784,7.916181291852679,4.322463073730461,-0.0568473940979084,0.07009305679847071,-0.06062325439328553,0.06453561329552693,0.7041085815429824
0,2018-10-11,7.148532180786134,0.04855944144585208,3.4618745422363304,7.923169817243306,3.60232772827149,-0.0678078431039364,0.06538555509165604,-0.0685552702170269,0.07360100715047291,0.14045318603515966
0,2018-10-12,7.124258651733413,0.04901519197428441,3.302407379150395,8.220102582659042,3.0876451110839866,-0.041349965608113215,0.06207381889322626,-0.04017164052611777,0.04185294186154009,-0.21476226806640852
0,2019-05-17,0.32333251953124886,0.0395965212522042,8.951760864257807,7.005398341587609,12.36341766357421,-0.0022583868646173233,0.0754961910056396,-0.021092674474651907,0.021547161743152934,3.411656799316404
0,2019-05-20,0.658964004516605,0.03988351419661015,8.772668762207019,6.9370531354631675,11.623410339355473,-0.02007310536779605,0.07308148531921056,-0.03556283584586384,0.03687418648684529,2.8507415771484546
0,2019-05-21,0.9288069915771473,0.039584669006971725,8.629499816894537,6.957006181989395,10.927033081054702,-0.01063453334245068,0.07053654449652301,-0.023267312560009468,0.023821576629111156,2.2975332641601653
0,2019-05-22,1.1916838836669967,0.039387271908115196,8.465670013427712,6.891476222446987,10.234028015136715,-0.015647083629475977,0.06797338071998762,-0.025343610329848554,0.02600261035422489,1.7683580017090037
0,2019-05-23,1.4470355987548942,0.03777009089510114,8.248823394775371,6.507398332868304,9.395943145751943,-0.030874359958709574,0.06450980072988831,-0.03708757336910096,0.038516039821882196,1.1471197509765716
0,2019-05-24,1.6926747894287075,0.03865193925153287,8.049341888427733,6.655968802315848,8.5586085510254,-0.03155026116788384,0.06099386270211007,-0.0343160394532781,0.03553547625855786,0.5092666625976676
0,2019-05-28,1.930150451660154,0.03978716600988968,7.817720642089853,6.825691223144531,7.683468475341812,-0.035136142184051256,0.057205358217468125,-0.03440705780542419,0.03563308750706555,-0.1342521667480412
0,2019-08-01,9.60434143066405,0.0380726317307607,1.4421722412109546,7.012908935546873,7.517771759033224,0.020355785218213907,0.1010291526851269,-0.012866637423779248,0.01303434562296621,6.075599517822269
0,2019-08-02,9.645078277587913,0.037883693010783474,1.4527563476562477,6.8753509521484375,7.218770141601539,0.00460505611270956,0.09945886691790212,-0.02646763500054594,0.027187216318751536,5.766013793945291
0,2019-08-05,9.665115203857425,0.03857486902087438,1.4654957580566474,6.75341796875,6.74089752197267,-0.031190998583200957,0.0967456034147086,-0.05867095230580677,0.06232778267017531,5.2754017639160224
0,2019-08-06,9.700637130737306,0.038984349098839126,1.5015890502929494,6.92064993722098,6.31214920043945,-0.01820705820567825,0.09440738562305762,-0.043650484954537605,0.04564281600797652,4.8105601501465
0,2019-08-07,9.705361099243191,0.038927028823111144,1.5760469055175577,6.947804042271206,5.84555648803709,-0.013659294120086707,0.09165224097455023,-0.03639496150851185,0.03776958406681615,4.269509582519532
0,2019-08-08,9.724640426635744,0.03903957527059595,1.7216705322265682,7.119541713169643,5.545223541259759,0.006447854262373376,0.08995361759340671,-0.014350733267798566,0.014559675284268924,3.8235530090331906
0,2019-08-09,9.733828125000002,0.038510172540070026,1.8416426086425872,6.95696585518973,5.128342590332039,-0.004091295965866326,0.08751753458987886,-0.021815067848443226,0.022301578292010852,3.286699981689452
0,2019-08-12,9.722710037231451,0.03813363475492403,2.0022621154785156,6.809892926897326,4.605375518798809,-0.01665189921929522,0.0843430018298054,-0.03054805194017718,0.03151064062671021,2.603113403320293
0,2019-08-13,9.665853424072282,0.03875016235832128,2.3032165527343693,7.071643284388959,4.314545898437501,0.002903181082183348,0.08223962245759521,-0.008061103528515967,0.008126612997222787,2.011329345703132
0,2019-08-14,9.64800201416017,0.03915778356256788,2.4182765197753895,6.932472229003916,3.812818908691412,-0.02792097942576177,0.07915417250061943,-0.035307706657009774,0.03659996757583336,1.3945423889160224
0,2019-08-15,9.611254959106446,0.038495984826368526,2.5028851318359386,6.807477678571439,3.2890127563476597,-0.029732300038775805,0.07582114709562367,-0.03389942172065574,0.03508891567069723,0.786127624511721
0,2019-08-16,9.564177017211932,0.03912472915989144,2.596835174560539,7.029707772391191,2.9550518798828023,-0.015024421478438077,0.0735326767758355,-0.016954872668615506,0.017247298417156016,0.35821670532226335
0,2019-08-19,9.555442352294932,0.03974250063338266,2.641941375732415,7.254276820591526,2.6506614685058594,-0.00018574069071730648,0.07164531176505642,-0.0002334936269561272,0.00023354815896279153,0.008720092773444321
0,2019-08-20,9.554433364868174,0.039813281780978295,2.6360783386230366,7.210888453892305,2.2326345825195233,-0.00837707063294757,0.06914972107809925,-0.006181862628744095,0.0062203157663188995,-0.40344375610351335
0,2019-09-25,7.466765975952143,0.0367008730228896,2.5115330505371105,6.771372113909036,3.6626393127441474,0.006615850281840752,0.06421647363113624,0.00033347755706136795,-0.00033336638685307744,1.151106262207037
0,2019-09-27,7.228988189697276,0.0366841397101747,2.3495594787597724,6.659682137625556,3.8464645385742244,-0.008755447566246799,0.0638111334149929,-0.016791550846136705,0.017078322364486736,1.496905059814452
0,2019-09-30,7.14368545532227,0.03713119612660146,2.277206726074212,6.8049959455217595,3.8927029418945267,0.0008711443830393684,0.06354125116141243,-0.007881888505746004,0.007944506217989459,1.6154962158203148
0,2019-10-01,7.060814361572284,0.03722586569806202,2.1507916259765523,6.766698564801895,3.957634124755856,-0.006779514775091311,0.0633960997778325,-0.016489375418863084,0.016765833542353146,1.8068424987793037
0,2019-10-02,6.940755767822253,0.0362589019281324,1.9709336853027537,6.477603367396761,3.7699635314941418,-0.022888129850855976,0.061583584865092585,-0.032408959434243156,0.033494480700537906,1.799029846191388
0,2019-10-03,6.874996566772467,0.0363964512366566,1.7222813415527298,6.57353864397321,3.4315660095214753,-0.011252170831800301,0.059210174051460056,-0.02041860217105762,0.020844211840191727,1.7092846679687455
1,2019-10-04,6.808352584838872,0.03700009295271524,1.5550119018554653,6.7809688023158445,3.2277021789550986,0.00374550954460795,0.05760506958612983,-0.005366481978800186,0.005395436491499528,1.6726902770996332
1,2019-10-07,6.695582962036127,0.03693672140947483,1.3683020019531114,6.748917715890067,3.0457284545898347,0.0014239451013411397,0.055858713575204576,-0.007698875887434342,0.007758608450957472,1.6774264526367233
1,2019-10-08,6.540567550659176,0.03714756395475443,1.1849839782715037,6.685758318219874,2.798686370849623,-0.012653189869050507,0.05350189472997112,-0.02131711774676226,0.021781435164865196,1.6137023925781193
1,2019-10-09,6.389900054931644,0.03700680885542711,1.0172418212890477,6.725443158830923,2.5169541931152253,-0.0023604284053964086,0.05096674989632034,-0.010506631990627624,0.010618193441523044,1.4997123718261776
1,2019-10-10,6.258533935546865,0.03718600097853896,0.8856298828125091,6.810346330915193,2.222906646728518,0.00558394514808902,0.04847047056232346,-0.0017458365128707465,0.0017488897885204915,1.3372767639160088
1,2019-10-11,6.1640126037597724,0.037962707193763136,0.8141809082031273,7.042136056082604,2.0747959899902355,0.018388990679304884,0.0470322402598603,0.011389484648197667,-0.011261225097826125,1.2606150817871082
1,2019-12-04,5.177423934936513,0.033123563294485826,3.530090179443363,6.508422851562492,9.62675399780278,0.031974205280575596,0.0814787324662267,-4.444896768529549e-05,4.445094348387416e-05,6.096663818359417
1,2019-12-05,5.1186692047118925,0.03333928711489324,3.6798744201660156,6.563755580357139,9.678016662597685,0.03267108597809942,0.08136741862660858,0.001172461997429597,-0.0011710889401516538,5.998142242431669
0,2020-01-28,7.958495635986338,0.03387353781398137,9.030671539306638,7.2969382149832525,16.89779541015625,0.04954582121702411,0.13203261059208052,0.010801920846653434,-0.010686486267859214,7.8671238708496105
1,2020-02-03,8.456729431152326,0.033485550856427224,9.320709533691428,7.243652343749996,17.18619873046876,0.046333051599781516,0.13570180331132095,0.00798446421691179,-0.007921217538917818,7.865489196777332
0,2020-02-25,11.221830215454077,0.035964411154178526,11.388154144287114,7.534640720912388,18.615611724853522,-0.024188625093948146,0.15533384818434523,-0.055968226442960844,0.05928637998282295,7.2274575805664085
0,2020-02-26,11.38232627868652,0.036390673133762305,11.271476440429694,7.663238525390625,18.054544219970722,-0.02008415464481439,0.15312184982588248,-0.050067857512374414,0.052706772697742044,6.783067779541028
0,2020-02-27,11.439465026855487,0.0392632951818634,11.055756378173811,7.8541412353515625,17.07378540039062,-0.06905974585110919,0.14821172002510993,-0.094422121517447,0.10426725714155806,6.018029022216808
0,2020-02-28,11.480258102416997,0.04011724850383755,10.827810821533205,8.03120858328683,16.08742446899413,-0.06808076926596784,0.14320104967887456,-0.09035257576748834,0.09932702864928204,5.259613647460924
0,2020-03-02,11.590561141967754,0.040643279007626786,10.695308990478509,8.55638885498047,15.68045013427735,-0.020654210511008686,0.14153662758205612,-0.04285105651228793,0.04476947585204959,4.985141143798842
0,2020-03-03,11.703374481201195,0.0432588594566883,10.464818267822267,8.814992632184715,14.815072021484355,-0.05209217153424994,0.1375414884458838,-0.0708939571465046,0.07630340765923027,4.350253753662088
0,2020-03-04,11.831994705200174,0.0435002108200706,10.311486053466808,9.234010968889516,14.059775543212908,-0.01324089026260511,0.13416813152065413,-0.03013963541951925,0.031076262645866874,3.7482894897460994
0,2020-03-05,11.89935974121093,0.044591816839405475,10.091232910156265,9.17813982282367,13.024097137451179,-0.04325027334698284,0.12904381265160872,-0.05611819527775841,0.05945468489486614,2.932864227294914
0,2020-03-06,11.934860229492188,0.04499562301147524,9.848982543945311,9.104995727539075,11.777280883789047,-0.059070249002188824,0.12268760365659273,-0.06743209979143838,0.07230797862156492,1.9282983398437352
0,2020-03-09,11.89635826110839,0.04961419259474745,9.463835296630862,9.342183794294098,10.016169433593745,-0.12297545710957203,0.11333724612407749,-0.1252258952106382,0.14315226585358456,0.5523341369628838
0,2020-03-10,11.872147216796861,0.04952319464004636,9.16842269897461,9.832803998674677,8.554032592773439,-0.07440902962830065,0.10557777239308702,-0.07175039064879885,0.07729644044660433,-0.6143901062011707
1,2020-06-29,6.649704589843765,0.03838103445481761,12.330435180664068,9.101656232561393,24.133975067138664,0.059847055414911976,0.15033400131778674,0.0067380463019646175,-0.006692948902363899,11.803539886474596
0,2020-07-27,6.544431381225593,0.034612573668694385,21.6076040649414,8.792069571358804,34.140784301757805,0.060562591926165865,0.19249573041570048,0.007824400086231753,-0.007763654150030854,12.533180236816406
1,2020-07-29,6.828133544921883,0.03389834586552996,21.946805725097647,8.599060058593738,34.45435043334962,0.053409325904298255,0.1946960920677113,0.0013973691023265733,-0.0013954191866702899,12.50754470825197
0,2020-09-09,20.256719818115243,0.042256141037492874,20.19277725219726,11.466491699218746,32.85948013305662,0.027344196225382644,0.23746005927708352,-0.01966815150294654,0.020062748683621533,12.666702880859361
0,2020-09-10,20.492135467529295,0.04333828400286221,20.090346069335936,11.525684901646205,32.29730285644533,0.005024245896386503,0.23563034365484956,-0.03929369326083143,0.04090083825326613,12.206956787109391
0,2020-09-11,20.80644622802734,0.04372004630553439,19.83649246215822,11.546521868024554,31.55450393676756,-0.003418657828220706,0.23337464450017809,-0.04561917813518712,0.047799764087934515,11.718011474609341
0,2020-09-14,21.086376647949237,0.043602181009129326,19.65470016479489,11.715935843331474,31.070577545166003,0.012223425969277724,0.23210286154478896,-0.029512205216745135,0.030409661384083925,11.415877380371114
0,2020-09-15,21.396676025390633,0.04369035763052213,19.385517120361328,11.906021118164066,30.580306854248022,0.025011419917431832,0.23092936740170458,-0.016405672899350354,0.016679308173431162,11.194789733886694
0,2020-09-16,21.648321304321286,0.04300805421454669,19.140005493164068,11.53319222586496,29.819187011718753,0.007334019615352849,0.228315431920093,-0.031517113048679435,0.03254276711888213,10.679181518554685
0,2020-09-17,21.852061386108375,0.04341358134692402,18.803355255126974,11.46006992885045,28.99856887817384,-0.009153425922498126,0.2252444997926882,-0.045674020146637795,0.04785997773387238,10.195213623046868
0,2020-09-18,22.070817871093737,0.04411122560035954,18.350665283203114,11.495618547712057,27.816612243652344,-0.022135486327256038,0.22065979362217125,-0.05567680926572216,0.05895948528218346,9.46594696044923
0,2020-09-21,22.224537429809573,0.04303581955114189,17.94237915039062,11.242259434291299,26.638045959472635,-0.02004453822848662,0.21581773101784602,-0.051001009770001327,0.05374190098731373,8.695666809082013
0,2020-09-22,22.405342483520513,0.04218843463481744,17.687798156738296,11.225651332310273,25.56679809570315,-0.0028565831333066116,0.2115614546738336,-0.031454257874870106,0.03247575876577077,7.878999938964853
0,2020-09-23,22.61620277404785,0.04309339258088189,17.25608291625977,11.116326468331478,24.001532745361345,-0.03357169149498285,0.20532140054716905,-0.057392732466775676,0.0608872161753758,6.745449829101574
0,2020-09-24,22.804378890991217,0.0419375833416155,16.850203399658227,10.868545532226566,22.210648956298854,-0.02939078828338071,0.19799617662637514,-0.04849324159977242,0.050964684351064764,5.360445556640627
0,2020-09-25,22.998070144653326,0.039936946534809024,16.56312469482424,10.59068516322545,20.72898590087891,-0.007728349050610928,0.19204698838563014,-0.022958326747967495,0.023497796845811013,4.165861206054672
0,2020-09-28,23.211477813720705,0.04003601875696556,16.33832702636721,10.837461199079245,19.40842681884766,0.011565758489136213,0.18689005848120455,9.189056206126978e-05,-9.188211896175235e-05,3.0700997924804483
1,2020-09-30,23.568851928710927,0.037458048917923925,15.734196624755839,10.163035801478795,16.35253555297851,0.012201594534285931,0.174524183702061,0.009871993067952278,-0.00977548950333945,0.6183389282226699
0,2020-10-27,27.187499694824197,0.035210482778018436,12.064596405029306,9.718963623046875,14.819470367431677,0.0051015472849644805,0.17847083921105533,-0.0048809394986263355,0.004904879920767624,2.754873962402371
0,2020-10-28,27.229536514282245,0.03613777939324708,11.643037567138663,9.586031232561384,14.218819122314471,-0.03364902010633486,0.17590626485533536,-0.042632512771289766,0.04453098036021468,2.5757815551758085
0,2020-10-29,27.278143615722684,0.03637432301645442,11.321443634033187,9.817496163504464,13.60544174194331,-0.016771687182276507,0.1733044400606486,-0.024885035402115285,0.025520104096010122,2.283998107910122
0,2020-10-30,27.274321136474583,0.034527628237945036,10.885059814453143,9.082711356026786,13.134389648437491,-0.0409893528738432,0.17112160462706216,-0.04878952935417802,0.051292044042631844,2.2493298339843477
0,2020-11-02,27.397707672119168,0.03472983728015862,10.297717132568323,9.156252179827009,12.282209320068318,-0.038038962945745936,0.16787058885209724,-0.04495434235991236,0.047070359411919935,1.9844921874999955
0,2020-11-03,27.52527763366703,0.035320189544579605,9.73973541259761,9.472967965262276,11.874709777831981,-0.020772647674340283,0.1665066657435919,-0.02834663400692139,0.02917360758375972,2.1349743652343705
1,2020-11-04,27.687600708007807,0.03765070945823144,9.285899353027332,10.548780168805804,11.741661682128893,0.02286203097103523,0.16641095272308665,0.013773052891216109,-0.01358593311583527,2.4557623291015602
0,2021-01-07,26.901974105834938,0.029104841398392756,8.445339965820324,8.968466622488839,19.128002014160188,0.05756380259998295,0.17978793283813255,0.020161192772178094,-0.01976275211703783,10.682662048339864
0,2021-01-19,24.932586212158185,0.029640487337640326,11.448044128418019,9.174989972795762,20.259247131347706,0.04290233489957185,0.17352904533026092,0.012834841711554024,-0.012672196080720118,8.811203002929688
0,2021-02-01,22.48772369384767,0.03297684846753039,14.359600524902362,10.401624407087061,22.78114471435549,0.04216041131020987,0.17030256768858482,0.013947383112969058,-0.013755529473480757,8.42154418945313
0,2021-02-23,22.607823944091763,0.028648067797942826,15.142246398925806,9.009885515485495,24.349319763183587,0.007536932275081343,0.1711268298817616,-0.021329630947776068,0.021794499580520012,9.20707336425778
0,2021-02-24,22.576121444702153,0.028484896763750565,15.118003234863295,9.032414027622776,23.673391418457015,0.014433250397681618,0.16824787725525742,-0.012592055944580682,0.012752637874132687,8.55538818359372
0,2021-02-25,22.455877990722627,0.029923682867300683,15.039363708496126,9.157847813197552,23.046394653320306,-0.0216382836632254,0.1652743764303842,-0.046056570971012345,0.04828019101498821,8.00703094482418
0,2021-02-26,22.396426544189467,0.030668644227520952,14.85323303222657,9.425140380859384,22.300678405761744,-0.018195294884925328,0.1620825716164782,-0.041011970682881205,0.04276588385788837,7.447445373535174
0,2021-03-01,22.312522506713833,0.03136288602620052,14.753203735351576,9.928442818777913,22.312547912597665,0.010275065864555621,0.16152045485297245,-0.013523210627706672,0.013708594843180853,7.559344177246089
0,2021-03-02,22.264194641113306,0.03171201640439892,14.520566711425772,9.877951485770106,21.688022460937475,-0.006547700107496834,0.15881132627645503,-0.02875010375021614,0.029601139584392054,7.167455749511703
0,2021-03-03,22.131205749511764,0.03264829126945069,14.2045663452148,9.874468122209837,20.49111358642574,-0.03530092435092025,0.15377046457581736,-0.054264510830306145,0.05737810566667809,6.28654724121094
0,2021-03-04,21.979192276001015,0.0337816377184307,13.871974182128895,10.050024850027913,19.17433593749996,-0.05077012917317503,0.1482687234057253,-0.06656222202372775,0.07130868665722648,5.3023617553710665
0,2021-03-05,21.804812316894527,0.033956442569727484,13.637505493164099,10.254170009068092,17.889958496093755,-0.03645988786339183,0.14280514813954331,-0.04935864004103119,0.05192141023946353,4.252453002929656
0,2021-03-08,21.523631973266617,0.035312867636609395,13.387227478027341,10.361849103655143,16.29491424560547,-0.06316721663145464,0.13588939416868343,-0.07178418279869458,0.07733565994935687,2.9076867675781273
0,2021-03-09,21.288131637573258,0.03699335941418514,13.283108215331993,11.283089773995544,15.054113769531227,-0.02643436763358875,0.1303929108898827,-0.03190702119309574,0.03295863299454828,1.7710055541992347
0,2021-03-10,21.076151123046827,0.03810424221184531,13.119650268554722,11.588736397879472,13.757889709472693,-0.029293545495961637,0.12480192220714653,-0.03126693549953752,0.032276110566805835,0.638239440917971
0,2021-03-11,20.915312194824253,0.038851437056538436,12.946053466796855,12.08812168666295,12.759882812499995,-0.007269074555122823,0.12046046091423401,-0.006679035658978427,0.006723945128259136,-0.18617065429685908
0,2021-05-04,20.2228105926514,0.02718234193629165,3.1850775146484125,8.790289742606035,15.942828674316388,0.016559382036169135,0.1227174034431347,-0.022637041024538895,0.0231613453493967,12.757751159667976
0,2021-05-05,20.194503707885758,0.02669108597658866,3.060348815917962,8.602403913225455,15.535394897460947,0.012645179869627876,0.12111190642358978,-0.025549735330085976,0.026219640197584288,12.475046081542985
0,2021-05-06,20.152954025268514,0.026879099313303265,2.9198800659179938,8.728297642299115,15.067493591308619,0.019789142228028966,0.11924979137080274,-0.017685464580105448,0.018003871410235975,12.147613525390625
0,2021-05-07,20.135662918090816,0.027831203351709796,3.0203118896484398,9.110802786690856,14.599022216796925,0.026689352555913315,0.11746857469398378,-0.009287425020676365,0.009374489892661599,11.578710327148485
0,2021-05-10,20.02186248779293,0.02851499210802182,3.0338244628906637,9.098905290876123,13.842795715332045,2.2487103313428847e-05,0.11439637580932907,-0.03274325479071538,0.03385166860080226,10.808971252441381
0,2021-05-11,19.862158126831048,0.027916482837455903,2.8897686767577966,8.895621163504472,12.908200073242199,-0.0014893215935132265,0.11057074911849231,-0.03188174110217856,0.03293165975247193,10.018431396484402
0,2021-05-12,19.666976470947247,0.02844310395348844,2.7812875366211074,8.828839983258936,11.860512084960988,-0.02726768525770551,0.10627606867799139,-0.054178366203499584,0.05728180057166724,9.07922454833988
0,2021-05-13,19.447907028198244,0.028125608627137342,2.8973199462890875,8.79778616768974,10.678765869140648,-0.020382737426009045,0.10144800798019947,-0.043687521478083524,0.04568331215922985,7.78144592285156
0,2021-05-14,19.286998214721677,0.028652831923990547,3.1722320556640966,9.160570417131705,9.7444729614258,-0.00014688818123897995,0.09765147087022036,-0.020283896889732977,0.020703851682480724,6.572240905761703
0,2021-05-17,19.128696746826165,0.028636216363319394,3.332476501464839,9.099720546177464,8.880238037109336,-0.007192704114321269,0.09411267253763246,-0.024107712244936463,0.024703251114314827,5.547761535644497
0,2021-05-18,18.974204711914012,0.029106440718533577,3.650491943359384,9.186704363141745,8.059382934570351,-0.01526064537620131,0.09074992142690759,-0.028622539864006202,0.029465929608865956,4.408890991210967
0,2021-05-19,18.85431457519536,0.02829014338059893,3.7254055786132767,8.939315795898446,7.096713867187475,-0.014804931155623757,0.087038516599872,-0.025052779086523147,0.025696549053239922,3.3713082885741983
1,2021-05-20,18.756563415527353,0.029243335517723144,3.89215911865233,9.419252668108268,6.592151184082013,0.003127997526802151,0.08493567789258366,-0.005236677331122097,0.005264244480860495,2.699992065429683
1,2021-05-21,18.62264785766604,0.02936875245013799,3.9315158081054733,9.407294137137281,5.840121459960926,-0.0029939412412886,0.08189082929339088,-0.00888183835919798,0.00896143235282261,1.9086056518554528
1,2021-05-24,18.530458679199228,0.030127208298562715,4.077966918945322,9.8125479561942,5.198090209960924,0.012697326106433815,0.07935658577635438,0.00918259309938696,-0.009099040314583126,1.1201232910156023
0,2021-07-20,14.719776000976537,0.02465976858270324,8.359564514160127,8.676627022879472,22.46802734375001,0.0485296335022416,0.1190050881164715,0.006224472656002122,-0.006185968265681408,14.108462829589882
0,2021-08-18,16.90066085815431,0.022708587096484156,12.987482604980471,8.066260201590406,21.45775604248047,0.011657447354785244,0.11941246127147585,-0.012172865893296025,0.012322870543846723,8.470273437499998
0,2021-08-19,16.909054260253924,0.023539454478150295,13.052251892089828,8.401787894112731,20.983448486328086,0.014985424364859279,0.11779101000341802,-0.007401620169224299,0.007456812664238013,7.9311965942382585
0,2021-08-20,16.974309539794945,0.02366617891563224,13.06965393066406,8.534515380859384,20.43305725097656,0.023912776317558615,0.1161161438641024,0.0029442635730938527,-0.002935620333082752,7.3634033203125
0,2021-09-20,16.779007873535193,0.024589101127801865,15.302233886718739,8.828166416713165,22.45076568603514,-0.009812030988807119,0.11869679234097613,-0.02895658648763344,0.029820074040659377,7.148531799316402
0,2021-09-21,16.72947952270505,0.024978336308540933,15.121219177246132,8.978945050920759,21.861376647949214,-0.008815635270206013,0.1166536292404693,-0.026900690732484134,0.02764434264446568,6.740157470703082
0,2021-09-22,16.724637298584014,0.02504153529848215,14.951937255859377,9.08574349539621,21.328551940917976,3.3709285909955256e-05,0.11491636204937773,-0.017238716427431133,0.017541102519590852,6.376614685058598
0,2021-09-23,16.762613677978493,0.02522717780988308,14.785752563476592,9.237555367606031,20.8909234619141,0.00869810182738795,0.1135960163078429,-0.007985456423012627,0.008049737249031508,6.105170898437507
0,2021-09-24,16.866647033691436,0.02494063584316742,14.61375671386719,9.141200474330361,20.524477539062502,0.008923763033592325,0.11269306562470421,-0.00722919567603586,0.007281837504235018,5.9107208251953125
0,2021-09-27,16.93284484863284,0.02438396410374067,14.458901672363254,8.865831647600455,19.852633666992176,0.00015966348689677723,0.11075195647731459,-0.014462667456919265,0.014674905738577932,5.393731994628922
0,2021-09-28,16.929213714599655,0.025850737532170775,14.28292053222657,9.133167811802464,18.586609802246073,-0.028435820210633067,0.106836243573147,-0.03979967696160025,0.04144934760661252,4.303689270019504
0,2021-09-29,16.89306533813476,0.026163425653297875,14.046689758300772,9.228487287248893,17.33896881103516,-0.030075122728843606,0.10288474588979817,-0.03877719908930166,0.040341530655080955,3.2922790527343864
0,2021-09-30,16.943803253173826,0.026284100576930695,13.66049774169926,9.236990792410726,15.925927429199248,-0.033471622962128245,0.09870944625343082,-0.03945635773253642,0.041077110915434895,2.2654296874999886
0,2021-10-01,17.025714569091804,0.026061634527605355,13.24481658935548,9.215608869280143,14.604480590820287,-0.027300763625441093,0.09491077039785276,-0.030925238332646265,0.03191212851260044,1.3596640014648074
0,2021-10-04,17.161244354248026,0.026410845618908527,12.589080810546875,9.143070765904026,12.846305847167969,-0.04693612509507039,0.08998177920670407,-0.04761056000620467,0.049990642490234743,0.25722503662109375
0,2021-10-05,17.30600448608402,0.026689955301363397,11.998388366699203,9.364423479352686,11.272582702636726,-0.033511379542740194,0.08563628474288396,-0.031575181350913306,0.032604680035936515,-0.7258056640624773
0,2021-11-29,21.418879394531245,0.02619253733669817,4.884300231933594,10.277884347098226,21.232775573730464,0.054112120552669785,0.12328821073781251,0.0097657046973183,-0.009671258047178022,16.34847534179687
0,2021-12-01,21.432591857910154,0.02829896794871063,5.27571594238276,10.75521414620537,20.879234924316393,0.018324140143145762,0.12210868576411182,-0.022541513484941156,0.023061351245011553,15.603518981933632
0,2021-12-02,21.41870635986328,0.028345839114378532,5.401270446777346,10.85067095075336,20.444893798828105,0.024566994872589287,0.12071490735329733,-0.015090200398930054,0.01532140344734335,15.043623352050759
0,2021-12-03,21.358072662353493,0.029161451028527855,5.399679565429722,10.96877615792412,19.50327423095706,0.006214398724275982,0.11773609559905521,-0.030368492112734735,0.03131962180035254,14.10359466552734
0,2021-12-06,21.295546875000014,0.029441848198747112,5.396350402832013,11.162983485630592,18.638555603027328,0.013592075445798768,0.11495885494439705,-0.021062707261551128,0.021515890157408298,13.242205200195315
0,2021-12-07,21.314049377441393,0.03018805239032049,5.537075805664074,11.790588378906254,18.228418273925797,0.042611194426102283,0.11370695213842259,0.008446128194221636,-0.008375388588526456,12.691342468261723
0,2021-12-10,21.27203109741214,0.029541415284767752,6.626424560546866,11.543252127511169,17.85661987304684,0.036874361195095906,0.11213142566144253,0.006869625796529055,-0.006822756015799454,11.230195312499973
0,2021-12-14,21.06345611572266,0.029113823719180514,7.472690429687475,11.095775059291308,16.939948425292926,0.007765128809673172,0.10869161787704402,-0.016846838154113808,0.0171355174431658,9.46725799560545
0,2021-12-15,20.911072235107383,0.02983567325488807,7.967217407226599,11.630111694335946,16.637390747070356,0.02862102314690329,0.10725647667992584,0.00561368849350119,-0.005582350914406405,8.670173339843757
0,2021-12-17,20.53539627075196,0.030444095914043505,8.516225585937491,11.504431588309163,14.865829162597663,-0.005360368542133287,0.10089497871922633,-0.021710367835086175,0.022192167964656843,6.349603576660172
0,2021-12-20,20.2797041320801,0.029709682501354296,8.760981140136721,11.118002755301347,13.597691345214855,-0.01602648924594441,0.0964409670295877,-0.028383111280645634,0.02921224570113857,4.836710205078134
0,2021-12-21,20.14248489379878,0.029332464859014928,9.125145874023474,11.222503662109384,12.87605194091799,0.004371121607692929,0.09389229909235207,-0.0054221542912300524,0.005451714327465229,3.7509060668945153
0,2021-12-22,20.023915557861358,0.028957419270005724,9.56074432373049,11.213939121791302,12.430423278808576,0.014651452764149253,0.09217898927314011,0.007079366507134699,-0.007029601382548575,2.8696789550780863
0,2022-01-06,18.94986877441403,0.026235620295501718,11.465487365722652,9.90381295340403,11.759961547851617,-0.023294930018087023,0.08624346110067829,-0.024038517810917037,0.024630600950560702,0.29447418212896537
0,2022-01-07,18.755088958740203,0.02630429720566888,11.324803771972654,9.822169712611615,10.9554678344727,-0.03389247479048596,0.08335705060069407,-0.032968400329606795,0.034092371273952,-0.3693359374999545
0,2023-04-25,1.9776069641113168,0.015541859369141294,11.923828735351606,4.778246198381693,21.94005462646487,0.011819665938453738,0.08248869063579505,-0.020469702613262974,0.02089746755957779,10.016225891113265
0,2023-04-26,2.051215209960901,0.016026961424247692,11.884339904785179,4.957271030970982,21.980588073730473,0.017435307477391637,0.08284765992495267,-0.015268125565766621,0.015504855648689923,10.096248168945294
0,2023-04-27,2.1495126342773574,0.01691154472409074,11.887948303222629,5.373112269810268,22.08339355468746,0.04414145596322405,0.083489924456717,0.01029063343773129,-0.010185814949818068,10.195445251464832
1,2023-05-04,3.1407571411132835,0.016148406532671186,12.078343200683548,5.063703264508929,20.618074645996046,0.023970988560613193,0.08164178159738508,-0.0038092391602683184,0.0038238049478167883,8.539731445312498
1,2023-05-05,3.449820251464871,0.017360347792485714,12.188421936035127,5.559437343052456,20.44194946289059,0.04394078113309763,0.08206839613007212,0.016588825666247642,-0.01631812710057654,8.253527526855464
1,2023-06-27,21.596978454589816,0.019220706718922585,16.691077270507833,6.945140293666307,37.15703674316404,0.07662571089752257,0.19760458016426266,0.014746771132693182,-0.01453246420900881,20.46595947265621
0,2023-08-03,28.872164764404317,0.01673073572461325,24.294308776855473,6.210920061383921,36.01921875000005,0.022770354591802544,0.20946429555043247,-0.009234625977622035,0.009320699148104737,11.724909973144577
0,2023-08-04,29.17148727416992,0.016779239790801325,24.255342102050804,6.199763706752224,35.49089752197273,0.015806393092354654,0.2083773494419699,-0.014630597066429107,0.014847829679785025,11.235555419921923
0,2023-08-07,29.430823822021523,0.01638102992885855,24.347727966308582,6.103875296456465,35.147902221679715,0.021951837947884467,0.20775818179089095,-0.007448333702642085,0.007504227694692752,10.800174255371132
0,2023-08-08,29.65398193359374,0.01631969819353914,24.26380462646489,6.029318673270077,34.6037463378907,0.011458503134790021,0.20638607924227642,-0.01638570530716177,0.01665866935400599,10.339941711425809
0,2023-08-09,29.771981964111376,0.01590097416766127,24.045120239257812,5.810032435825884,33.74423919677736,-0.000748056322713464,0.20367888917844304,-0.026568161643203525,0.027293294297885285,9.699118957519545
0,2023-08-10,29.938885040283196,0.016501767865149026,23.787490844726562,6.040699550083697,32.58305847167975,6.178364217590548e-05,0.2001888652551609,-0.023404729244871914,0.02396563852574756,8.795567626953186
0,2023-08-11,30.098354034423835,0.016369150998011506,23.556726379394547,5.953948974609367,31.34322204589847,-0.00732308670413806,0.1964508202593489,-0.02797910525740477,0.02878446894376074,7.786495666503924
0,2023-08-14,30.263342437744143,0.016172260733907658,23.330380859374998,5.948346819196421,30.13421325683595,0.0027937453640425325,0.19284435762920782,-0.015469124156601288,0.015712177785536362,6.803832397460951
0,2023-08-15,30.419648895263663,0.016418344394819484,22.970785827636746,5.974777221679683,28.57180236816413,-0.00850556982434747,0.18808650529819315,-0.02340870455678057,0.02396980667962716,5.601016540527382
0,2023-08-16,30.495692901611335,0.015644313104453505,22.603699951171905,5.632816859654014,26.89572662353521,-0.019435634468126906,0.18272142310464726,-0.030764816571184572,0.03174133285416794,4.292026672363306
0,2023-08-17,30.582010955810574,0.014948346181446226,22.209781188964826,5.323440551757808,25.515093078613347,-0.03036794276626109,0.17837824886385564,-0.039016350334105665,0.04060043097265024,3.3053118896485216
0,2023-08-18,30.671067504882842,0.015102027228131077,21.909679565429656,5.371420724051335,24.15157592773437,-0.03209709169773711,0.17410123706046007,-0.03796635598692033,0.03946468631652574,2.241896362304715
0,2023-08-21,30.791013336181663,0.016057213787812347,21.56472869873045,5.803172520228794,22.971214904785143,-0.017099553727649486,0.17049102021083934,-0.020844979310295608,0.021288742711662447,1.4064862060546943
0,2023-08-22,30.806258239746114,0.01570761907838354,21.24337493896479,5.668714250837049,21.699111022949182,-0.01900052180934486,0.16624580884437246,-0.02021429931515717,0.020631347549803936,0.4557360839843909
0,2023-08-23,30.794964294433612,0.016467361068916518,20.88946960449215,6.036608014787935,20.746559143066406,-0.004021684507922285,0.1629122632217739,-0.0036348159093839705,0.003648075994045732,-0.1429104614257426
1,2024-01-04,15.5435791015625,0.01194419932900401,10.196737976074246,4.719495500837049,26.933380126953182,0.028605066089062436,0.11851830596014769,-0.014339271566549905,0.014547877533215627,16.736642150878936
1,2024-01-05,15.382402496337875,0.011654037836501784,10.687129821777376,4.6103057861328045,27.287163391113324,0.027769554573929822,0.11891005064379327,-0.01472271025445393,0.014942707406009748,16.60003356933595
1,2024-01-08,15.280211029052737,0.012180127561838875,11.395101318359366,4.918012346540171,27.661419982910218,0.04600414299212341,0.11950144129604078,0.003708792209680345,-0.0036950878964757674,16.26631866455085
0,2024-02-21,16.020876922607442,0.013606726565801615,22.544952392578182,5.774333408900669,35.64860382080076,0.02464612515025988,0.1375651664650205,-0.006778082059909374,0.006824337982761065,13.103651428222577
0,2024-02-22,16.245341644287066,0.014548391087868703,22.67271545410165,6.354697091238839,35.45156311035157,0.052267668758182007,0.13742494562495053,0.020841155215011176,-0.020415669086755732,12.778847656249923
0,2024-03-18,20.213568725585958,0.014749510551005943,21.366814575195406,6.442376273018965,31.09861175537111,0.023219581595225636,0.13317684811555466,0.0004123558488420276,-0.00041218588158285573,9.731797180175704
0,2024-04-03,25.00305114746095,0.011577628665361947,19.270721435546875,5.110347202845974,25.65175598144532,0.01605309695233914,0.1298339167131355,0.0013448678986809348,-0.0013430616581708895,6.381034545898444
0,2024-04-05,25.631759948730462,0.013015827369881097,18.467932128906284,5.723983764648433,23.934870910644577,0.011023350602950677,0.12680894976321888,-0.0015258370873161287,0.0015281688239834243,5.466938781738293
0,2024-04-08,25.86495590209961,0.012187014042935804,18.128120727539056,5.361077444893965,23.407086181640636,0.010634490816552766,0.12592564763017602,-0.001475584791782114,0.0014777653598729628,5.278965454101581
0,2024-04-09,26.13922897338864,0.012166354866833696,17.843499450683623,5.371789114815836,23.01392364501953,0.013490881985326997,0.1254969243525506,0.0016035767971740444,-0.001601009455559078,5.170424194335908
0,2024-04-11,26.459591827392558,0.01230445195515565,17.31521057128907,5.471337454659586,21.908074951171898,0.01921934352232979,0.12322863972728762,0.008601419161029522,-0.008528065693368012,4.592864379882826
0,2024-04-15,26.738145751953084,0.014871044731263688,16.944545898437525,6.400139944893961,20.77800537109374,-0.014952913793761513,0.12083665068197909,-0.023520588469003845,0.02408713198788952,3.833459472656216
0,2024-04-16,26.810571289062523,0.014856385496517657,16.579669799804662,6.3944244384765465,20.041589355468773,-0.014981075412185962,0.11904348579371697,-0.022723742647216216,0.023252117787829603,3.4619195556641102
0,2024-04-17,26.90717315673828,0.01564637920818797,16.150867614746062,6.652280535016729,19.018116455078143,-0.026908786555571607,0.11660213557344502,-0.03325296052459359,0.0343967544422354,2.8672488403320813
0,2024-04-18,26.980149993896475,0.016314037128116684,15.730768432617197,6.896565028599318,17.653826293945315,-0.032301649852139236,0.11324450366145374,-0.03654289471735628,0.0379289275225553,1.9230578613281182
0,2024-04-19,27.014817352294926,0.017550701416113593,15.129993896484393,7.265849522181903,15.829386596679683,-0.0515955986986526,0.10863978505258651,-0.05311272247885224,0.05609191689415849,0.6993927001952898
0,2024-04-22,27.05967956542969,0.017551226841361938,14.551517028808632,7.3391396658760994,14.142641601562502,-0.04147028946461684,0.10440603325845525,-0.04057105750879231,0.04228667253194121,-0.40887542724613013
0,2024-07-18,29.356678466796893,0.014998076435139668,16.341380310058582,7.1427867586234255,33.04036468505859,0.017024482938497787,0.1476585165002431,-0.01799447940431298,0.01832421409749044,16.69898437500001
0,2024-07-19,29.160506896972663,0.014983401830631326,16.622027893066388,7.072549302795044,32.23890716552734,0.00661685751189145,0.14510416008180904,-0.02582674684731845,0.02651145139094744,15.616879272460949
0,2024-07-22,28.957498168945335,0.015041881275932846,16.988658142089832,7.205929638232809,31.793602905273417,0.01988647264967236,0.14335846988070675,-0.011276968880312488,0.01140558935654785,14.804944763183585
0,2024-07-23,28.793298339843716,0.014727996886413332,17.296001281738313,7.030692115720399,31.5304251098633,0.01469099069890456,0.14214941951306995,-0.015108423309967534,0.015340189384848955,14.234423828124989
0,2024-07-24,28.501018524169922,0.017304518361414587,17.448535156250045,7.9643322272382955,30.34850311279297,-0.022491167761231723,0.13850664610632551,-0.0485587905292626,0.05103708988627328,12.899967956542923
0,2024-07-25,28.147340850830062,0.01854956935097601,17.595855102539076,8.443214523617623,28.979971923828145,-0.03379588654161736,0.1343071906793571,-0.05659369024773153,0.059988670483444806,11.38411682128907
0,2024-07-26,27.84210769653322,0.019172790875141368,17.71709381103517,8.816389755990697,27.88319244384769,-0.02449179352249753,0.13086449073399706,-0.04508595349526834,0.047214672001418684,10.16609863281252
0,2024-07-29,27.631056976318348,0.019523908787040967,17.628922424316386,8.995881685883457,26.86804565429685,-0.02288797672944176,0.12784354685326102,-0.041664523254701935,0.0434759270273528,9.239123229980464
0,2024-07-30,27.374129486083973,0.020835471803567707,17.52317291259766,9.468375844212241,25.487591552734386,-0.03643479938149985,0.12387875992151197,-0.05243668914372279,0.055338454478928475,7.964418640136728
0,2024-07-31,27.111622467041002,0.020647517447023738,17.622707519531275,9.66063932795977,24.46019165039064,-0.00862734443165547,0.12071454458369799,-0.02278480793203952,0.02331605987809377,6.837484130859366
0,2024-08-01,26.83344070434572,0.023006133808786498,17.4818997192383,10.50347257649243,22.71373748779297,-0.03273674507341595,0.11584903208987932,-0.043340678719740566,0.04530419320196395,5.231837768554669
0,2024-08-02,26.53786849975586,0.024881805527017496,17.198706665039083,11.090188544027601,20.263315734863284,-0.05531987817634576,0.1093283848525108,-0.06141631143462578,0.06543509351680789,3.0646090698242006
0,2024-08-05,26.107313995361324,0.028929400212772877,16.846933288574235,12.50980436241853,17.285229187011737,-0.08260921771221319,0.10128739907012105,-0.08346145674957839,0.09106158967804004,0.4382958984375023
0,2024-08-06,25.707400207519527,0.028309454296809776,16.54341186523436,12.358694088717979,14.417063598632808,-0.07319927614986066,0.09357692853716229,-0.06899655121212289,0.07410987714594734,-2.1263482666015534
0,2024-10-24,19.60300582885742,0.012265535750521013,3.3903594970703352,6.0061537681795665,13.338995056152328,0.026260690391943564,0.07253492165053786,0.005299934213077506,-0.005271992997021562,9.948635559081993
0,2024-11-01,18.8395246887207,0.013578511884927206,3.565085754394545,6.583045553476784,14.204791259765614,0.012091016986210512,0.07236768538747611,-0.009900408204068345,0.009999406409318984,10.639705505371069
0,2024-11-04,18.622336425781214,0.012928897631210154,3.5980041503906364,6.24984363468507,14.299204406738284,0.008862590800966075,0.07204875134785048,-0.013176632218509288,0.013352574177618159,10.701200256347647
0,2024-11-05,18.413064117431645,0.013165115632488329,3.8108190917968727,6.44521682936547,14.307880249023412,0.02098917181702542,0.07155567001304872,-0.000883022123583932,0.0008838025407803381,10.49706115722654
0,2024-11-06,18.25434692382811,0.014034810568928524,4.153068542480469,7.057629870480525,14.681679382324205,0.04744112912198606,0.07196258763782372,0.024963182340117962,-0.024355199064930264,10.528610839843736
1,2024-11-18,17.032837524414106,0.014393724121314028,9.46663177490234,7.158515840728476,18.836618652343702,0.020185721105743237,0.07780860773598564,0.0009468569682080652,-0.0009459612781800555,9.369986877441363
0,2024-12-19,15.863007049560565,0.013753082625609205,17.93726867675781,7.033463616217323,30.390454711914117,0.015188091361222789,0.09842029805449863,-0.009302477584172797,0.009389826232217263,12.453186035156307
0,2024-12-20,15.984326934814419,0.014874864842498794,17.975949401855473,7.673582703190164,30.59085876464843,0.022999948481505772,0.09902931353735699,-0.001966665331269102,0.001970540725397605,12.614909362792957
0,2024-12-23,16.21204895019531,0.01518844029841939,17.9362454223633,7.911686733122996,30.838695068359414,0.031731446544425834,0.0999520941271378,0.006022133526383255,-0.0059860845260669955,12.902449645996114
0,2024-12-30,17.972579650878913,0.0175040077152926,17.101202697753877,8.991269455295598,30.895420837402355,0.012197375291372659,0.10344503042767432,-0.014587933376475792,0.014803891560269608,13.794218139648478
0,2024-12-31,18.232010345459003,0.01782023297782988,16.808340148925765,9.07594559052211,30.091848449707072,0.0029076514936583475,0.10221026091099333,-0.022657135394124173,0.023182381756335788,13.283508300781307
0,2025-01-02,18.48385086059568,0.017986212232269042,16.509857788085924,9.14256161575156,29.19308898925783,0.00033336790278215567,0.10076573697529646,-0.024027024240286243,0.0246185343621663,12.683231201171907
0,2025-01-03,18.77309127807621,0.018457798487330555,16.293453674316368,9.535816472247884,28.318922424316384,0.015771312744874866,0.09944672582935653,-0.007690793360298209,0.007750400085817906,12.025468750000016
0,2025-01-06,19.006735839843714,0.01861312193853133,16.39885131835939,9.726576335744069,27.865610961914058,0.02595961536594027,0.09889982500977693,0.0033708915228833902,-0.003359566787678305,11.466759643554667
0,2025-01-08,19.28564804077149,0.019837990674171548,16.32591033935546,10.183444567504665,26.075084533691438,0.006080791316190215,0.0955734829925705,-0.012782459045229677,0.012947965888923838,9.749174194335978
0,2025-01-10,19.314152984619113,0.01867742869124507,16.242075805664058,9.437347676019503,25.114219360351626,-0.010182159775592114,0.09354869240427746,-0.027091358581658787,0.027845737439605854,8.872143554687568
0,2025-01-13,19.265372009277314,0.018677290789988265,16.109290771484382,9.406947919101368,23.686878051757787,-0.013602197191675547,0.09038247589339639,-0.028026754554421718,0.0288349033121519,7.577587280273406
0,2025-01-14,19.231770019531268,0.01771429085144327,16.036886596679665,8.913456198190195,22.400459594726556,-0.014903789828052405,0.08755041880358043,-0.027025358784518394,0.02777601557092712,6.363572998046891
0,2025-01-15,19.229707183837945,0.018096964717830157,16.35174865722655,9.315504266241817,21.398920898437495,0.0064393008804186636,0.08537575619811569,-0.0033953285962901036,0.003406896128138581,5.047172241210944
0,2025-01-16,19.29028793334959,0.018075682350220886,16.48334869384763,9.239361754696167,19.79719848632817,-0.0016398875641912003,0.08207954974837992,-0.00806022823943342,0.008125723424848177,3.3138497924805392
0,2025-01-17,19.323684234619122,0.018605302293445217,16.78062164306641,9.670591894202087,18.709589233398447,0.013770411219459877,0.0797993181150147,0.0099706442116132,-0.009872211899184736,1.9289675903320358
0,2025-01-28,20.081584320068316,0.018057990698821493,15.621503601074266,9.387371076198137,16.676113281250025,0.009696365537569918,0.07671430045825263,0.007632363632884331,-0.007574551898439314,1.0546096801757585
0,2025-02-04,21.237052154541004,0.017378044216921604,14.141810607910202,9.079954916998096,14.88820922851562,0.011250058574169941,0.07505702331255341,0.009791317452646053,-0.009696377145870336,0.7463986206054187
0,2025-02-24,21.366885528564467,0.013029354817142154,12.117573852539124,6.748074156369431,15.941853027343711,-0.006841654391002594,0.07645288457763989,-0.014071955261035773,0.014272801484982098,3.8242791748045875
0,2025-02-25,21.267430267333964,0.013672905187250804,11.729843749999986,6.992156723726372,15.638138122558644,-0.019113360246923228,0.0755711414081553,-0.026411816828453505,0.02712832518407813,3.9082943725586574
0,2025-02-26,21.240488586425784,0.013903699213195066,11.101432800293026,7.127357502116049,14.93763671875007,-0.016198472319140067,0.07402603820672736,-0.023388537298485557,0.023948661460298604,3.836203918457045
0,2025-02-27,21.14039459228519,0.016435415751094473,10.405455627441427,8.191195936894546,13.723263549804699,-0.042590663190831046,0.07129408161862186,-0.048654125987326324,0.051142415515093846,3.317807922363272
0,2025-02-28,21.088424682617188,0.01645260258091836,9.70443298339842,8.329248048582306,12.709539794921852,-0.026670547209005524,0.0690689701836656,-0.032261766030521666,0.03333728574326346,3.005106811523433
0,2025-03-03,20.929163513183596,0.01854800878250094,8.79764282226563,9.184585305819622,11.347543640136678,-0.04649903717482873,0.0659245852845618,-0.05115785930189709,0.053916091104741735,2.5499008178710483
0,2025-03-04,20.828577270507765,0.020320864765860088,7.871135864257781,10.032099870886372,10.082063293457054,-0.04793780904476175,0.06310318835192441,-0.05197991490618048,0.05482997219519493,2.2109274291992733
0,2025-03-05,20.72335128784181,0.02078929332635785,7.465122680664081,10.397149524573349,8.828823852539017,-0.035021349081966524,0.06030041315295576,-0.037553787096140434,0.03901910215100176,1.3637011718749363
0,2025-03-06,20.50644927978516,0.022531750551594114,7.005574951171923,10.958596189760536,6.945003356933569,-0.060659351243225745,0.05599389439238849,-0.06054944912661786,0.06445198107588167,-0.06057159423835401
0,2025-08-20,5.4427673339844205,0.01254892016207846,35.53731140136722,7.093211252038803,49.139522094726544,0.01784511263693389,0.10611800288840643,-0.006489646528661908,0.006532037140817863,13.602210693359325
0,2025-08-21,5.983454284668028,0.011615645981554032,35.18244781494138,6.535285432659139,48.10556121826164,0.012052595685545064,0.10507586839591375,-0.010939155679942303,0.011060144320506957,12.923113403320258
0,2025-08-22,6.585543823242233,0.011474133392351468,34.950102844238245,6.555260508001368,47.350675964355446,0.026185103600524284,0.1046910852286881,0.00382592674873683,-0.0038113448226312742,12.400573120117201
0,2025-09-02,12.200040435791038,0.011107926496699939,32.31294158935543,6.275589991516654,41.80684173583984,0.005652818894962275,0.10440624632859166,-0.011059674807579523,0.011183359122733308,9.493900146484407
1,2025-09-03,12.948491058349646,0.011234227823884625,32.035734558105446,6.396880677814839,41.25155670166009,0.01218200245849288,0.1047196971250083,-0.004132329925607192,0.004149476933314371,9.215822143554647
1,2025-09-04,13.917178192138635,0.011456295404097771,31.44990814208984,6.582373810562866,40.35259246826172,0.020059619176008514,0.10478854408542958,0.0041879286149613115,-0.004170463013569198,8.90268432617188
0,2025-10-13,34.0984870910645,0.012992190236959043,21.01349639892578,7.821428571428571,36.76191192626948,0.030727815875082998,0.13396400229695857,0.003665428019895778,-0.0036520417238313325,15.748415527343695
0,2025-10-15,35.130445709228525,0.014077675483503043,20.801334838867206,8.477857317243304,36.02709777832024,0.028370443456464223,0.1343420764832218,0.002310365064254638,-0.0023050395813342746,15.225762939453034
0,2025-10-17,36.04023544311519,0.015295056533581174,20.41677673339848,9.237143380301339,34.80068725585943,0.028877333449448983,0.1335304584707247,0.004267792707460583,-0.004249656056334224,14.383910522460951
0,2025-11-07,42.2288116455079,0.015027471812470381,20.48718139648429,9.162850516183036,34.85728942871094,0.014309694570128428,0.14317044202745224,-0.009371134795055358,0.009459783703270752,14.370108032226653
0,2025-11-10,42.70529693603521,0.01598239993284553,20.60253662109369,9.960710797991071,34.963834838867115,0.03490868936072333,0.14412535010513097,0.010803305561419396,-0.010687841543433624,14.361298217773424
