Price,Close,High,Low,Open,Volume
Ticker,QQQ,QQQ,QQQ,QQQ,QQQ
Date,,,,,
2024-06-27,478.35247802734375,479.8324205964096,476.0581048000449,476.8725657694417,26222100
2024-06-28,475.8694152832031,483.90472338998865,475.22381776924044,479.14711316443487,34881600
2024-07-01,478.6604309082031,479.22655253891475,473.0387100492218,476.79314189292444,24898300
2024-07-02,483.68621826171875,483.7458100140832,477.03152301013625,477.16064857731465,26723600
2024-07-03,487.71875,487.847875565811,482.93134386964243,482.93134386964243,18064900
2024-07-05,492.8041076660156,493.2411340464325,488.2650106714653,488.5629997369305,28495900
2024-07-08,493.9761657714844,494.53237570608127,492.14861451335616,493.17164674782924,22109400
2024-07-09,494.4031982421875,496.6181259961497,492.88354798908586,495.495764181612,25614500
2024-07-10,499.5581359863281,500.1143459061642,495.0190689952908,496.33011791423746,28046900
2024-07-11,488.6027526855469,499.87599137345603,487.4108872466256,499.66742022609924,49966600
2024-07-12,491.4731750488281,496.240696987892,488.7119794494803,489.1788017056475,37109400
2024-07-15,492.7941589355469,497.62130286804535,490.74809468726573,493.251039123013,31151400
2024-07-16,492.9828796386719,495.06868183839055,489.8144535573124,494.2542208338356,25950600
2024-07-17,478.5114440917969,485.4938941085194,478.44194058688345,484.97742214156807,56268800
2024-07-18,476.2468566894531,482.42478759582406,473.0486346386727,482.24601233916843,49347400
2024-07-19,472.0256042480469,478.4319904360646,470.73440919691376,475.9091617750745,42042900
2024-07-22,479.0577392578125,480.08077143386856,474.4789041552317,477.9055815130326,40300000
2024-07-23,477.36920166015625,481.15342934804005,476.89246765926686,478.15386678483986,23282500
2024-07-24,460.2458190917969,470.98270054613056,459.3817084027371,470.6152079828444,58818600
2024-07-25,455.1703796386719,464.7749878140538,452.54825161831076,460.5835294952639,59256800
2024-07-26,459.838623046875,462.77859408462,456.6602546793034,459.5207801478844,39992100
2024-07-29,460.7623291015625,464.74521649893046,458.497751473368,462.56008444051145,28218500
2024-07-30,454.4353942871094,463.4043166892039,451.0782508086242,462.6991274170474,41317200
2024-07-31,467.8838195800781,469.5921871864052,463.2553348988527,464.70545137397374,44552100
2024-08-01,456.55096435546875,472.33347212368807,452.8958623418857,468.5691286753036,56653900
2024-08-02,445.71478271484375,450.50218888130195,441.4637326291967,447.8403229132502,66323200
2024-08-05,432.42529296875,439.29850165882124,420.5859329762926,421.8373901313144,87483500
2024-08-06,436.55712890625,444.04613873821035,431.62074351822963,434.27269764966576,63164400
2024-08-07,431.829345703125,445.9631095066361,431.4320572357311,443.47007663365133,54929200
2024-08-08,445.0394287109375,445.953189199404,434.1932741860752,438.07683203997925,47890100
2024-08-09,447.3635559082031,449.0023897057576,442.5960035839398,443.71836542861115,33574000
2024-08-12,448.3269958496094,451.2967626201712,445.51612020964365,448.3369379119588,27795000
2024-08-13,459.4512023925781,459.7193955740895,452.5978784610078,452.73694608270466,40084500
2024-08-14,459.6002502441406,461.9641272088199,455.29952003256074,460.3749733562008,34733700
2024-08-15,471.211181640625,471.6084701008011,465.21202586511583,465.5894605111915,38280600
2024-08-16,471.8170471191406,473.18771808832525,468.4599035131474,469.4233439544463,38383600
2024-08-19,478.01483154296875,478.0545694827898,470.16827069807226,471.95611425601714,23737700
2024-08-20,477.01165771484375,479.6735236269398,475.3132018798396,477.1010453412389,29209300
2024-08-21,479.23651123046875,481.0938582480417,476.07802709434475,477.7963064815791,25658800
2024-08-22,471.63824462890625,482.2559426845834,470.60527043027247,481.56066517737185,37739600
2024-08-23,476.75341796875,479.4748756967485,472.06534147961065,475.99854869072635,36061500
2024-08-26,472.1249084472656,477.13082756027296,470.0391062909155,476.20712513612904,27452600
2024-08-27,473.53533935546875,474.60802120277503,468.5194779462626,470.48609669601757,27510000
2024-08-28,468.16192626953125,473.79355899841914,464.7253372305788,473.06851591373936,37372400
2024-08-29,467.47662353515625,474.6974408784733,466.1953401581551,470.07889791906734,41081500
2024-08-30,473.04864501953125,473.67438874272347,467.3276245028449,471.82698376107646,33466500
2024-09-03,458.6864318847656,470.1285026150824,456.3026709381786,469.9994073634833,44985200
2024-09-04,457.4945068359375,461.3085604786056,454.63401207068097,455.5676565139891,32505100
2024-09-05,457.9216613769531,462.21241905468736,454.8426228577565,455.86565501004293,34452400
2024-09-06,445.6551818847656,458.10043106486665,445.15856375258096,457.21643624021857,50624400
2024-09-09,451.3861389160156,452.379375168718,446.77753846528213,449.9956142244652,32981200
2024-09-10,455.5577697753906,456.0643299932791,449.1712675740587,453.1541245672566,29680300
2024-09-11,465.4504089355469,466.1953361907622,448.22769443230897,456.7993288987733,57843000
2024-09-12,470.019287109375,470.8337481570052,463.6923766741707,465.4801899049605,40067800
2024-09-13,472.1249084472656,473.30686199215853,469.0558121175472,469.28426736368397,29111800
2024-09-16,470.03912353515625,470.65492517384394,466.7118062737845,469.9894738460358,22585600
2024-09-17,470.28741455078125,474.36963123270954,467.784470154112,473.0684941915781,30084400
2024-09-18,468.2513122558594,475.5913125717107,467.64542236585686,471.4892722143178,39909200
2024-09-19,480.0906677246094,482.9412812738034,477.24008448658077,479.34574052396084,52782500
2024-09-20,479.1769104003906,480.41845574275317,475.0648976771265,479.2265600896189,34577700
2024-09-23,480.44708251953125,481.5411838648417,479.014809913627,480.35756927588244,24843000
2024-09-24,482.7645263671875,483.7193645829603,477.59245820747196,481.8594076096414,25952600
2024-09-25,483.2121276855469,485.17155394845867,481.95888164673994,482.1379081226381,26549900
2024-09-26,486.8425598144531,491.04986439183557,483.19224676716595,490.72161881110264,32020200
2024-09-27,484.13714599609375,488.00627920570344,482.9535314389067,487.86701615014687,22851100
2024-09-30,485.4500427246094,485.78821395881425,480.3276940460128,483.17232696807946,30281100
2024-10-01,478.6865539550781,485.3804385534666,474.83733279282353,485.08206108110625,42735400
2024-10-02,479.3629150390625,481.28254755619815,475.1556106595733,477.7814234131209,23744000
2024-10-03,479.00482177734375,481.94892400160876,476.41877250367753,477.1647465045182,25337200
2024-10-04,484.7040710449219,485.2610625337713,479.80054259491305,484.83337806086183,30686600
2024-10-07,479.51214599609375,483.9581527391102,478.2887375742188,482.7844941349615,24975100
2024-10-08,486.6734313964844,487.3597299131588,481.252705142601,482.0583546441301,28272000
2024-10-09,490.5027770996094,491.0796806722642,485.33070878142695,486.3750602662613,24995000
2024-10-10,489.9457702636719,491.8156832689234,486.90219879044656,488.2151203073797,25750400
2024-10-11,490.71160888671875,491.73610894443993,487.53876086190434,488.1056780098677,20644500
2024-10-14,494.8294372558594,496.1522845063359,492.6014712113681,493.1087129085002,26060100
2024-10-15,488.21514892578125,495.8240780548679,486.05678401670787,495.1576612241944,34784500
2024-10-16,488.2748107910156,489.0506225559772,484.95274347162825,488.54335051027755,22996800
2024-10-17,488.61297607421875,493.8248381058072,488.5533005817777,493.775118646693,27210700
2024-10-18,491.815673828125,492.9097750712338,490.6519410618732,491.40787107597725,25335000
2024-10-21,492.7606201171875,493.5662696437468,488.6726666363485,490.6022552281417,30336500
2024-10-22,493.2977294921875,494.77975196677914,489.3291571129143,490.08508722468554,26685800
2024-10-23,485.7384948730469,491.596892235502,482.4462652056482,490.9404314380169,39346600
2024-10-24,489.67724609375,490.35358858620776,486.8127010036224,489.46835151368117,22024900
2024-10-25,492.6611328125,497.5944990663683,491.77589575678803,492.48210633620766,38762100
2024-10-28,492.7406921386719,495.8439391561385,492.44231467690014,495.78426366378415,20477800
2024-10-29,497.47515869140625,498.6587732328474,491.19903302397995,493.0589900594559,28014100
2024-10-30,493.7154541015625,497.66414449235685,493.2280941179006,496.7093062383675,29756000
2024-10-31,481.252685546875,489.78661450785876,481.1532162789596,489.7368950507805,41245200
2024-11-01,484.8134765625,488.1156621424876,482.5954665919066,482.89384405538004,33655800
2024-11-04,483.401123046875,486.75302813437827,481.6505609593022,484.2067725635964,23291600
2024-11-05,489.56781005859375,490.23422685674956,484.902983532783,484.99249677066786,24353600
2024-11-06,502.8660583496094,503.6916199489961,496.9181781185984,497.87301638729133,43082200
2024-11-07,510.7832946777344,511.56909280939686,505.61122649755987,505.67090198917174,32853100
2024-11-08,511.3800964355469,512.1558778054664,509.65934184360947,510.2859648423034,22924500
2024-11-11,511.081787109375,512.8124372573974,508.177448009592,512.6035426608158,24167500
2024-11-12,510.15667724609375,511.8972832625985,507.0932240126998,511.01210691191994,25835300
2024-11-13,509.50030517578125,512.2156314460634,507.2126634336277,509.6495242772916,24567400
2024-11-14,505.9593811035156,510.0373482348618,505.04430625976136,509.1620975260134,28679500
2024-11-15,493.9044189453125,500.6281106168657,491.8355673896348,500.2402199212759,51461100
2024-11-18,497.3359069824219,499.4445524267209,494.0635893908615,495.4560681908618,27080800
2024-11-19,500.7574157714844,501.24480608965695,494.4116587859232,494.7498603755775,24523000
2024-11-20,500.4690246582031,500.77735816706814,493.8944909882249,500.4590686244457,29565500
2024-11-21,502.2693176269531,504.23866971479384,494.8891342532554,503.522533404553,34526700
2024-11-22,503.074951171875,503.8109691728965,500.08109899945873,501.7123101251142,23826600
2024-11-25,503.87060546875,508.7045326214257,501.5531263369306,507.1628348574178,26375200
2024-11-26,506.5760498046875,507.40161140893434,504.50722848471355,505.3526414489566,26557100
2024-11-27,502.5875549316406,505.5117755416059,499.2356498317086,505.44217436804354,24957400
2024-11-29,507.00372314453125,507.60050843550283,502.59751052014724,503.21417752443887,15334000
2024-12-02,512.5238647460938,513.4886892849554,507.87895063661637,508.26687165865917,25147200
2024-12-03,514.095458984375,514.373985095904,510.61424683539474,511.1911504181891,18597900
2024-12-04,520.451171875,520.7097859190565,516.8107846060128,517.5269512439784,26086200
2024-12-05,519.0089111328125,521.226921022137,518.6209900907503,520.5008591030347,18169600
2024-12-06,523.6538696289062,523.8925716110627,519.5460343479797,519.6753413729017,23762600
2024-12-09,519.575927734375,523.5245880810076,518.4221204877712,522.7288945325893,20674400
2024-12-10,517.805419921875,522.5597902510734,516.3731473444096,520.8092281333355,24350000
2024-12-11,527.0753784179688,527.7616769340509,521.7740335072752,522.18180592059,32168600
2024-12-12,523.6737670898438,526.1205837537462,523.1963631388469,524.8474256077255,23577500
2024-12-13,527.68212890625,530.307911172932,524.4694263576389,527.6124973833525,28780400
2024-12-16,535.2810668945312,536.2558475000476,530.1388366404204,530.2184241956195,31979900
2024-12-17,532.9237670898438,534.5947414195532,531.2627487924711,533.4807585330802,28579100
2024-12-18,513.6975708007812,533.9980443477575,512.2454469027805,532.2773503776515,54703200
2024-12-19,511.40997314453125,518.9592575433442,511.07183222457314,518.3923099577986,46441800
2024-12-20,515.8757934570312,522.0027604194175,506.5561270613736,507.6999477619047,60530000
2024-12-23,520.90185546875,521.2804299717675,514.1872352921986,517.5943450139422,29672800
2024-12-24,527.9652099609375,528.0548371426894,522.2169092458087,522.854514827797,17558200
2024-12-26,527.6065063476562,529.2403478108545,524.3289121388443,526.3313560192331,19090500
2024-12-27,520.593017578125,524.4683897338862,515.9106967940162,524.0300435156842,33839600
2024-12-30,513.669189453125,517.4050741628361,509.90341888184463,513.5695901830321,34584000
2024-12-31,509.3056640625,515.7114228726336,508.3393140727987,514.9543347038892,29117000
2025-01-02,508.3094482421875,514.6953239346398,503.80644256925154,512.3641052015905,36389800
2025-01-03,516.6280517578125,517.6940315122579,510.60083647061316,511.417696434176,29059500
2025-01-06,522.5655517578125,525.9328339298473,520.0650507509039,522.0475504427856,36109700
2025-01-07,513.2407836914062,524.0100909190774,511.34797203831766,523.6116330578326,36690300
2025-01-08,513.3304443359375,514.9741969361809,508.6481238764345,513.1411571001679,30777800
2025-01-10,505.2808837890625,509.6543435394188,502.02320337175274,509.5547442725234,40532500
2025-01-13,503.656982421875,504.1152423896796,497.81905506714537,499.31340880810814,31694200
2025-01-14,503.1788330078125,508.2397285865004,499.7019793212129,506.82506018066647,33737200
2025-01-15,514.7550659179688,515.9007006401041,509.5347694909147,511.09889744457155,34957600
2025-01-16,511.1487121582031,517.1061831442493,511.01919663194894,517.026467249921,28229000
2025-01-17,519.776123046875,522.0973697832961,511.1786021287471,520.8819303330192,51837900
2025-01-21,522.8245849609375,523.990163931292,518.1024365526878,522.5057821782378,23628000
2025-01-22,529.5093383789062,531.8106408124149,527.2678076655376,527.5766383538297,33593000
2025-01-23,530.6350708007812,530.7546142367858,526.4608402116309,527.0485853044178,23096600
2025-01-24,527.6364135742188,531.7807280773806,526.1620039307094,531.0136677980639,19878300
2025-01-27,512.2745361328125,516.0402765990139,508.2297899969277,509.0765966785985,60771700
2025-01-28,519.8458251953125,521.0313482861533,509.85358086015856,513.2806042053568,33194200
2025-01-29,518.8695678710938,520.6229528077788,514.9543680275574,520.4934372745863,26649000
2025-01-30,521.0811767578125,524.1196841000327,516.2594290396685,521.738726504641,27431300
2025-01-31,520.323974609375,529.5192724001945,519.2281395504486,524.9365512323936,38755200
2025-02-03,516.1597900390625,518.8894667950981,509.12636671091076,511.53724066840994,40580800
2025-02-04,522.4957885742188,523.1333941133616,516.2792865811033,516.6778052444203,26046800
2025-02-05,524.8668823242188,525.0263141261553,518.6603518561534,519.8558471490118,21134100
2025-02-06,527.6065063476562,527.8157377758239,523.7610503813152,525.3749476688555,19434500
2025-02-07,520.95166015625,530.0970984278108,520.2244274064886,528.1445149779497,29605500
2025-02-10,527.2578735351562,528.3636808400595,524.7672836743383,525.2354853815722,20852800
2025-02-11,526.0025634765625,527.9252913951378,523.8507207672724,523.9802362938708,19325500
2025-02-12,526.3114013671875,527.1980658905265,519.9853278738981,520.3339861084905,25009400
2025-02-13,533.8828735351562,534.2016155325434,527.1981083755304,527.9851128913989,28714800
2025-02-14,536.1243286132812,536.8117337584231,533.6536224423348,533.9923693740982,17862600
2025-02-18,537.3397216796875,537.9673551250996,534.0222392975678,537.6983519898058,20565000
2025-02-19,537.4891967773438,538.774319161458,534.440717443179,536.5427605384632,19666900
2025-02-20,535.207763671875,537.0707198380107,530.4557600378364,536.7021174397108,26550800
2025-02-21,524.0997924804688,536.3734259054734,523.7311900666963,536.3534817300003,47093800
2025-02-24,517.9131469726562,527.0785293164791,517.574460821282,525.893006175843,39268400
2025-02-25,511.3877868652344,517.3652018839585,507.52238695535993,517.2854859915275,48940000
2025-02-26,512.6231079101562,517.7038863374212,509.4451131699638,513.5894882871941,34457600
2025-02-27,498.38690185546875,517.116154231956,498.1677287505483,516.1796900929963,52448000
2025-02-28,506.2571716308594,506.86486088968695,495.05946030473615,498.24742709992023,47654000
2025-03-03,495.1790466308594,511.10884909409276,491.72210680896086,509.5945814567039,44587200
2025-03-04,493.6846923828125,501.8438669070773,485.90409236827736,492.3198540523609,67875400
2025-03-05,500.1203918457031,501.7342891326799,489.4108559644338,494.33226372255456,46323700
2025-03-06,486.3623962402344,496.7032997202751,484.3699243677266,491.8317218014017,57574300
2025-03-07,489.9388732910156,491.42325508804356,478.7212470644506,485.3262961011522,54714700
2025-03-10,470.95062255859375,482.1483046930257,466.8959350231872,481.6302729539333,76668000
2025-03-11,469.8248596191406,477.0077119927552,465.25214045630736,470.5720365490684,68760800
2025-03-12,475.1248474121094,479.2492483034156,470.01415228809566,477.35640613966797,46971100
2025-03-13,466.5771179199219,474.48723340088907,464.67430370193534,474.4573475399869,46563300
2025-03-14,477.8544921875,478.75109837332525,471.3391012058141,471.94682088464697,43563000
2025-03-17,480.9527893066406,484.0112407832775,476.00149572097644,477.8046802482964,41744400
2025-03-18,472.7537841796875,477.8046769977494,470.63179688559507,477.6054480628794,39072300
2025-03-19,479.0798645019531,483.50312363162146,473.0825053273427,475.01520527629424,40430300
2025-03-20,477.4560241699219,482.7260901579374,474.3876005916405,475.0849778783517,36780500
2025-03-21,479.0300598144531,479.7971505017605,471.1299165344871,472.29549549568526,42234900
2025-03-24,489.54205322265625,490.3901226191041,483.296306654798,486.6286929361406,34567200
2025-03-25,492.3356628417969,492.4953019420397,489.30261128131787,490.27040239350913,26035200
2025-03-26,483.2763671875,492.036361140999,481.71992401202056,491.1783047786964,34627100
2025-03-27,480.52264404296875,485.47133436435945,479.1557704025238,481.31085258636614,33469800
2025-03-28,467.8715515136719,479.4251537993937,466.98356470882175,478.716780016139,46363800
2025-03-31,467.85162353515625,468.7894538218736,456.28800345950606,460.8675723729834,53000300
2025-04-01,471.62298583984375,472.5508595678627,463.3618526767417,466.23526514595727,41156200
2025-04-02,475.0650939941406,478.4673280191872,464.79853106385406,465.05794840151947,49894500
2025-04-03,449.6331787109375,459.0217417604512,449.1143744877712,455.40000781261466,70456300
2025-04-04,421.70697021484375,439.3666229320661,421.70697021484375,437.14172341887735,117088400
2025-04-07,422.7246398925781,442.13033594097755,401.47318336158713,407.72888642907077,161557000
2025-04-08,415.11199951171875,442.1303144349011,408.85629674852464,437.16165046755134,101248100
2025-04-09,464.938232421875,466.7640494224436,414.48344740281163,414.6231430319054,142876900
2025-04-10,445.16339111328125,454.5519544943761,431.64427637376247,452.52658097834694,108384100
2025-04-11,453.36468505859375,454.7515326857512,440.3244565510031,443.6368995420995,52483800
2025-04-14,456.43768310546875,463.99041238720434,451.5987273133604,463.4017603039649,43941200
2025-04-15,456.94647216796875,461.3264842842656,455.11066821301586,457.49523727635807,35404200
2025-04-16,443.1679382324219,451.58871031200715,436.76258311356116,448.00689370261694,48980600
2025-04-17,443.088134765625,446.72981223752805,440.3543570860115,446.1511471509205,44837000
2025-04-21,432.1231384277344,438.0795369204027,426.9549484348984,437.2314980152638,44149300
2025-04-22,443.46728515625,446.5601976003793,436.6228994956535,437.82017753392927,52304400
2025-04-23,453.5242919921875,462.3242031118777,451.8481271450211,457.126082514728,55801100
2025-04-24,466.28515625,466.5944474838895,454.791384907367,455.4399282507265,45956100
2025-04-25,471.4832763671875,472.01206755185086,464.32963016047904,465.90601675595167,38697100
2025-04-28,471.3336181640625,473.7281436779861,464.96815011298537,471.95220062328804,33550800
2025-04-29,474.446533203125,475.3345200084478,468.5200646884619,469.09876024538016,30613100
2025-04-30,474.38665771484375,476.11272692532424,461.3763604209729,466.06566379739684,46810600
2025-05-01,480.5824890136719,486.0699573116427,479.6446283596297,482.30855818505677,43316500
2025-05-02,487.7162170410156,489.7914949378418,483.7253307988606,485.4314565899748,39218100
2025-05-05,484.82281494140625,487.9157577687587,482.99699794174893,483.49585870590107,28309500
2025-05-06,480.3131408691406,483.9448315222372,477.1004762212246,478.467349889628,32786300
2025-05-07,482.1988220214844,484.69312594348264,475.6936883542095,480.9816004896274,38006300
2025-05-08,487.1774597167969,491.57741536579834,483.06685184010024,487.4169031432312,39577600
2025-05-09,486.8581848144531,490.4200580470196,485.09222863644607,489.09307133776764,27767400
2025-05-12,506.69287109375,506.73278847929913,500.3373899950198,505.83481476868576,45090600
2025-05-13,514.4152221679688,516.211108574203,507.2615460721175,507.99985019165166,53269600
2025-05-14,517.4982299804688,518.0469646789172,514.5749130124277,515.5926085268512,47014500
2025-05-15,518.06689453125,520.740780872913,513.9961737159014,515.34313429326,50153300
2025-05-16,520.32177734375,520.5113468748441,515.9217911890203,519.4736774852381,48394600
2025-05-19,520.8206787109375,521.3395134461759,513.0683621458206,513.0683621458206,52536200
2025-05-20,519.0846557617188,519.7431252481014,515.4828343697768,518.2864297349452,42517600
2025-05-21,511.8710632324219,521.8083922034795,510.0751765474603,515.0937453813776,71292800
2025-05-22,512.8289184570312,516.5304876315237,511.1327795047052,512.4896663081278,55607200
2025-05-23,508.0797119140625,510.6737940312997,504.428047390636,505.0266864096977,58368100
2025-05-27,520.0324096679688,520.5213443920381,513.4175716555094,514.9740148753984,47226300
2025-05-28,517.7276611328125,522.4868123985062,517.2088873377407,520.9902300780834,46637200
2025-05-29,518.745361328125,525.2804253410164,516.1413226819035,525.1308036452639,58513300
2025-05-30,517.92724609375,519.4936763161024,510.7636123003792,518.2565112732493,67662800
2025-06-02,522.0179443359375,522.2573877784328,514.7943887427975,516.0615146714447,44762800
2025-06-03,526.0985717773438,527.5352932742484,521.4990899538703,522.3671028482407,44070300
2025-06-04,527.5652465820312,528.6328159543389,524.7715775087336,526.8069684561985,41359300
2025-06-05,523.5942993164062,531.8354895194587,521.4691474254556,528.9720333839703,61031200
2025-06-06,528.7125854492188,530.5883068303796,527.0065205763339,528.7924202239315,42467000
2025-06-09,529.4908447265625,531.1370487649452,527.8046928522319,528.9321230881146,33688700
2025-06-10,532.9928588867188,533.6812892020579,527.6849728561217,529.9597463571823,40664800
2025-06-11,531.1968994140625,535.5569985772692,528.9021520465418,534.3996074866686,53701000
2025-06-12,532.444091796875,533.4219003917297,529.6305704230522,529.8800008275191,34104900
2025-06-13,525.7593994140625,530.6581857051825,524.5321604293532,526.4777297402487,55814400
2025-06-16,533.0726318359375,534.1501881746067,529.2414151368115,529.2912890357304,37622100
2025-06-17,527.87451171875,532.114828121446,526.7071337109421,530.4985241525759,42180900
2025-06-18,527.78466796875,531.3365539479147,526.1983249413829,528.8921241797174,43983500
2025-06-20,525.629638671875,532.344284928363,523.6840695536811,531.047259148263,61643500
2025-06-23,531.034423828125,531.55378026132,523.0436870736086,526.20000126727,50666100
2025-06-24,539.1549682617188,540.0738858388895,535.649023059839,536.2683002275495,45442000
2025-06-25,540.5333251953125,542.680859941889,538.7554180865176,541.4323074065491,44804200
2025-06-26,545.5874633789062,546.0369544844908,540.8929546179629,542.7207916351388,43811400
2025-06-27,547.4553833007812,549.3531466770356,543.9094451396949,546.6263273030402,57577100
2025-06-30,551.001220703125,552.1598506096717,548.3742613412151,550.6216558623904,45548700
2025-07-01,546.3566284179688,550.0723527171726,544.0293092638873,549.0934460070984,56166700
2025-07-02,550.1621704101562,550.3619510063211,545.4875970893971,545.5275288228387,36538300
2025-07-03,555.575927734375,556.5548344555102,552.5394696749878,552.5394696749878,26443500
2025-07-07,551.3908081054688,553.6981308106792,548.9436328812806,552.8790730109989,45349300
2025-07-08,551.700439453125,553.3684885906421,550.4618241127889,552.7392132279926,36153300
2025-07-09,555.6058959960938,556.9843029163527,552.4595191206155,553.8379260408744,43045500
2025-07-10,554.8068237304688,556.6546571200741,552.1099380275332,556.2451587077356,34710900
2025-07-11,553.5582885742188,555.1464133288152,551.4107537333198,552.6593063234978,39618600
2025-07-14,555.5659790039062,556.3051123937647,550.9912651766557,553.3485178698481,36453300
2025-07-15,556.0753173828125,560.1506100210427,556.0153892983303,559.6012590858759,43277700
2025-07-16,556.6446533203125,559.5613159442702,550.9213079932537,556.6347161101686,52314700
2025-07-17,561.1494750976562,561.6588943188981,556.5648240354463,557.3738836913942,40423800
2025-07-18,560.610107421875,564.0760601261163,559.331560315118,562.4679390321799,50484700
2025-07-21,563.5167236328125,565.4045498103267,561.4091814589228,561.4391759845101,39595200
2025-07-22,560.60009765625,563.6964836094055,557.9631400264451,563.6465537000605,43270600
2025-07-23,563.1571655273438,563.1970972643824,558.9320829262327,561.6888968940013,40215300
2025-07-24,564.3557739257812,565.5843301767457,562.637733844974,564.4756300983396,42275500
2025-07-25,565.7141723632812,567.0426493724743,563.6166284241184,564.2758373590184,30630800
2025-07-28,567.4821166992188,568.3810379335021,566.213567832283,567.0825555076628,31498700
2025-07-29,566.6031494140625,571.4475089568917,565.8740142282852,570.099096579047,45463300
2025-07-30,567.3623046875,569.9592697412776,564.3957119723051,567.5220925978703,43433800
2025-07-31,564.3557739257812,573.9646298675983,563.2170793219943,573.8747072559383,64613600
2025-08-01,553.2386474609375,558.3727103030013,551.0411827265443,558.1829278722018,69400800
2025-08-04,563.44677734375,563.6665542967966,558.3027773528459,558.4026371722885,47669800
2025-08-05,559.6212768554688,565.903971649668,559.081863110002,564.7353434752952,48666600
2025-08-06,566.6630859375,567.1025788833654,559.9808301040473,560.46025478518,41823700
2025-08-07,568.5808715820312,572.6561644511387,564.45564880044,571.0080505877872,44463000
2025-08-08,573.8847045898438,574.1044815488668,569.4898360186871,569.7894764496438,35255500
2025-08-11,572.1866455078125,576.1320838089041,570.9081593818767,574.0245417091662,33112900
2025-08-12,579.3782958984375,579.6779363086406,571.8270527389294,574.493943836454,42143300
2025-08-13,579.6680297851562,582.6445596248751,578.2696265108757,582.0852105080592,41209300
2025-08-14,579.2185668945312,581.206252942872,577.2408180571425,577.610445725867,45425000
2025-08-15,576.6715087890625,579.1686139695657,574.903538812632,579.1286212694092,49480200
2025-08-18,576.4417114257812,577.1009813081188,574.5738816999574,575.7725043332697,29831000
2025-08-19,568.620849609375,575.8923882635952,567.5920130021344,575.7226021797385,53752600
2025-08-20,565.2447509765625,567.7917860584612,558.1929284111997,567.6719298873941,76781100
2025-08-21,562.6278076171875,565.8340517424351,560.3304220145135,563.6965150159476,46436900
2025-08-22,571.3076782226562,573.3253587434433,562.617800852793,564.0161431934172,51502100
2025-08-25,569.6596069335938,572.6261385677973,568.5009160121044,569.7395313678815,34044700
2025-08-26,571.9469604492188,572.2565990617475,568.1413744854693,569.1702111117808,34103000
2025-08-27,572.825927734375,573.7448453667379,569.7095453598557,570.9281643841576,36927100
2025-08-28,576.4118041992188,577.3307218421304,571.7971586699575,573.4452115221324,46787900
2025-08-29,569.7395629882812,574.3642068270976,567.8816703337434,573.9945791596829,56030400
2025-09-02,564.9650268554688,565.3145971818625,558.8920502137331,560.660020123991,65876800
2025-09-03,569.409912109375,571.0380295776428,566.0737527363494,568.5708579374373,54230200
2025-09-04,574.5639038085938,574.9334704969435,568.3711317527417,570.0791126733634,47526300
2025-09-05,575.3929443359375,580.4470826304052,570.8682215867353,579.8178072667213,68342500
2025-09-08,578.19970703125,580.1674576203714,577.1010051346319,577.7002859937904,46371400
2025-09-09,579.8378295898438,580.26732437145,576.3718158469537,578.9987754125199,44007600
2025-09-10,580.027587890625,583.0940402853914,577.8800531074673,583.0640457610823,49308000
2025-09-11,583.4036865234375,584.2027479772381,580.9465131126315,582.5646323700341,44745800
2025-09-12,585.9806518554688,587.1792745116926,583.4236186389489,584.3625326071349,50745900
2025-09-15,590.994873046875,591.1047310439144,587.6087837729755,587.7586344703801,44360300
2025-09-16,590.4954223632812,592.1734696533504,589.8062189258886,591.9237591465338,36942100
2025-09-17,589.3168334960938,591.0648071547686,583.6933476484554,590.415535410039,69384800
2025-09-18,594.6306762695312,597.4474182598135,592.2734235847219,594.2211168753206,61069300
2025-09-19,598.6559448242188,599.3551464363971,595.159997727806,596.6383253844207,58196100
2025-09-22,602.2000122070312,602.8699951171875,597.719970703125,597.739990234375,57154800
2025-09-23,598.2000122070312,602.5700073242188,596.97998046875,602.3699951171875,64635500
2025-09-24,596.0999755859375,599.9000244140625,593.3599853515625,599.5800170898438,49850300
2025-09-25,593.530029296875,595.1199951171875,588.5,592.2000122070312,70920200
2025-09-26,595.969970703125,596.2999877929688,591.0599975585938,594.3499755859375,54337400
2025-09-29,598.72998046875,602.0499877929688,597.4099731445312,599.1099853515625,48332900
2025-09-30,600.3699951171875,600.7100219726562,596.0999755859375,598.4299926757812,46533800
2025-10-01,603.25,603.7899780273438,596.3400268554688,597.1699829101562,46899600
2025-10-02,605.72998046875,607.1599731445312,602.9299926757812,607.0599975585938,43765400
2025-10-03,603.1799926757812,607.3300170898438,601.3900146484375,606.510009765625,46482100
2025-10-06,607.7100219726562,609.3599853515625,605.969970703125,608.4500122070312,41962100
2025-10-07,604.510009765625,609.7100219726562,603.030029296875,609.02001953125,58209500
2025-10-08,611.4400024414062,611.75,605.260009765625,605.4099731445312,50629800
2025-10-09,610.7000122070312,611.6099853515625,607.47998046875,611.47998046875,45551000
2025-10-10,589.5,613.1799926757812,589.0499877929688,611.4000244140625,97614800
2025-10-13,602.010009765625,602.9500122070312,597.22998046875,599.6799926757812,65872600
2025-10-14,598.0,602.6900024414062,590.1300048828125,595.3099975585938,69203200
2025-10-15,602.219970703125,606.7000122070312,595.9299926757812,604.010009765625,62805500
2025-10-16,599.989990234375,608.3099975585938,595.5,605.1099853515625,70982000
2025-10-17,603.9299926757812,605.510009765625,596.3699951171875,597.9500122070312,72024900
2025-10-20,611.5399780273438,612.7999877929688,607.0700073242188,607.1400146484375,45761700
2025-10-21,611.3800048828125,612.719970703125,609.3200073242188,611.6400146484375,44538200
2025-10-22,605.489990234375,611.4099731445312,599.739990234375,610.8200073242188,61478800
2025-10-23,610.5800170898438,611.3699951171875,604.52001953125,604.9099731445312,42844300
2025-10-24,617.0999755859375,618.4199829101562,615.1300048828125,615.989990234375,47632500
2025-10-27,628.0900268554688,628.5499877929688,624.030029296875,624.52001953125,54098600
2025-10-28,632.9199829101562,634.6799926757812,629.25,630.3599853515625,61195700
2025-10-29,635.77001953125,637.010009765625,630.25,635.5900268554688,67422800
2025-10-30,626.0499877929688,633.5,625.9400024414062,632.1699829101562,61628600
2025-10-31,629.0700073242188,634.2000122070312,626.6900024414062,634.1699829101562,66305100
2025-11-03,632.0800170898438,635.8200073242188,629.8499755859375,635.1099853515625,37154300
2025-11-04,619.25,626.9500122070312,618.4600219726562,623.280029296875,63830800
2025-11-05,623.280029296875,626.5999755859375,617.2100219726562,618.489990234375,48688500
2025-11-06,611.6699829101562,622.0399780273438,610.2999877929688,621.7899780273438,72115100
2025-11-07,609.739990234375,609.9500122070312,598.6699829101562,608.3099975585938,81835400
2025-11-10,623.22998046875,624.3099975585938,616.8900146484375,618.9199829101562,55919900
2025-11-11,621.5700073242188,622.719970703125,617.52001953125,620.5700073242188,44685100
